"state","species","data_name","phenophase_description","year_rect","windowStart","windowEnd","windowMid","duration","tag_yr"
"Alabama","Acer rubrum","Herbarium","Open flowers",1950,57,57,57,0,"1950 _ Alabama"
"Alabama","Acer rubrum","Herbarium","Open flowers",1994,42,42,42,0,"1994 _ Alabama"
"Alabama","Acer rubrum","Herbarium","Open flowers",1999,38,38,38,0,"1999 _ Alabama"
"Alabama","Acer rubrum","Herbarium","Open flowers",2003,60,60,60,0,"2003 _ Alabama"
"Alabama","Acer rubrum","Herbarium","Open flowers",2009,58,58,58,0,"2009 _ Alabama"
"Alabama","Acer rubrum","Herbarium","Open flowers",2012,131,131,131,0,"2012 _ Alabama"
"Alabama","Acer rubrum","Herbarium","Open flowers",2014,68,68,68,0,"2014 _ Alabama"
"Alabama","Acer rubrum","NEON","Open flowers",2021,62,62,62,0,"2021 _ Alabama"
"Alabama","Acer rubrum","USA-NPN","Open flowers",2017,77,77,77,0,"2017 _ Alabama"
"Alabama","Acer rubrum","USA-NPN","Open flowers",2021,72,72,72,0,"2021 _ Alabama"
"Alabama","Ilex decidua","Herbarium","Open flowers",2005,123,123,123,0,"2005 _ Alabama"
"Alabama","Ilex decidua","Herbarium","Open flowers",2011,106,106,106,0,"2011 _ Alabama"
"Alabama","Ilex decidua","Herbarium","Open flowers",2012,260,260,260,0,"2012 _ Alabama"
"Alabama","Ilex decidua","NEON","Open flowers",2016,111,118,114.5,7,"2016 _ Alabama"
"Alabama","Ilex decidua","NEON","Open flowers",2017,97,97,97,0,"2017 _ Alabama"
"Alabama","Ilex decidua","NEON","Open flowers",2018,87,106,96.5,19,"2018 _ Alabama"
"Alabama","Ilex decidua","NEON","Open flowers",2021,102,102,102,0,"2021 _ Alabama"
"Alabama","Juglans nigra","Herbarium","Open flowers",1997,104,104,104,0,"1997 _ Alabama"
"Alabama","Juglans nigra","Herbarium","Open flowers",2002,169,169,169,0,"2002 _ Alabama"
"Alabama","Juglans nigra","Herbarium","Open flowers",2005,123,123,123,0,"2005 _ Alabama"
"Alabama","Juglans nigra","Herbarium","Open flowers",2012,171,171,171,0,"2012 _ Alabama"
"Alabama","Juglans nigra","Herbarium","Open flowers",2013,140,140,140,0,"2013 _ Alabama"
"Arizona","Acer rubrum","USA-NPN","Open flowers",2020,94,94,94,0,"2020 _ Arizona"
"Arkansas","Acer rubrum","USA-NPN","Open flowers",2016,73,73,73,0,"2016 _ Arkansas"
"Arkansas","Acer rubrum","USA-NPN","Open flowers",2021,84,84,84,0,"2021 _ Arkansas"
"Arkansas","Ilex decidua","Herbarium","Open flowers",2011,103,103,103,0,"2011 _ Arkansas"
"Arkansas","Ilex decidua","Herbarium","Open flowers",2016,116,144,130,28,"2016 _ Arkansas"
"Arkansas","Ilex decidua","Herbarium","Open flowers",2017,104,108,106,4,"2017 _ Arkansas"
"California","Acer rubrum","Herbarium","Open flowers",1985,51,51,51,0,"1985 _ California"
"California","Juglans nigra","Herbarium","Open flowers",1996,115,122,118.5,7,"1996 _ California"
"California","Juglans nigra","Herbarium","Open flowers",2009,141,141,141,0,"2009 _ California"
"California","Juglans nigra","Herbarium","Open flowers",2010,123,123,123,0,"2010 _ California"
"California","Juglans nigra","USA-NPN","Open flowers",2015,93,93,93,0,"2015 _ California"
"California","Juglans nigra","USA-NPN","Open flowers",2016,118,118,118,0,"2016 _ California"
"California","Rubus laciniatus","Herbarium","Open flowers",1911,214,214,214,0,"1911 _ California"
"California","Rubus laciniatus","Herbarium","Open flowers",1915,219,219,219,0,"1915 _ California"
"California","Rubus laciniatus","Herbarium","Open flowers",1923,191,191,191,0,"1923 _ California"
"California","Rubus laciniatus","Herbarium","Open flowers",1926,150,311,230.5,161,"1926 _ California"
"California","Rubus laciniatus","Herbarium","Open flowers",1927,281,281,281,0,"1927 _ California"
"California","Rubus laciniatus","Herbarium","Open flowers",1931,187,187,187,0,"1931 _ California"
"California","Rubus laciniatus","Herbarium","Open flowers",1937,216,216,216,0,"1937 _ California"
"California","Rubus laciniatus","Herbarium","Open flowers",1938,172,217,194.5,45,"1938 _ California"
"California","Rubus laciniatus","Herbarium","Open flowers",1940,219,219,219,0,"1940 _ California"
"California","Rubus laciniatus","Herbarium","Open flowers",1948,237,237,237,0,"1948 _ California"
"California","Rubus laciniatus","Herbarium","Open flowers",1954,209,209,209,0,"1954 _ California"
"California","Rubus laciniatus","Herbarium","Open flowers",1955,121,121,121,0,"1955 _ California"
"California","Rubus laciniatus","Herbarium","Open flowers",1960,239,239,239,0,"1960 _ California"
"California","Rubus laciniatus","Herbarium","Open flowers",1964,163,163,163,0,"1964 _ California"
"California","Rubus laciniatus","Herbarium","Open flowers",1984,162,184,173,22,"1984 _ California"
"California","Rubus laciniatus","Herbarium","Open flowers",1986,167,167,167,0,"1986 _ California"
"California","Rubus laciniatus","Herbarium","Open flowers",1992,239,239,239,0,"1992 _ California"
"California","Rubus laciniatus","Herbarium","Open flowers",1994,152,152,152,0,"1994 _ California"
"California","Rubus laciniatus","Herbarium","Open flowers",1997,147,219,183,72,"1997 _ California"
"California","Rubus laciniatus","Herbarium","Open flowers",2000,193,193,193,0,"2000 _ California"
"California","Rubus laciniatus","Herbarium","Open flowers",2006,168,214,191,46,"2006 _ California"
"California","Rubus laciniatus","Herbarium","Open flowers",2007,177,177,177,0,"2007 _ California"
"California","Rubus laciniatus","Herbarium","Open flowers",2009,161,161,161,0,"2009 _ California"
"California","Rubus laciniatus","Herbarium","Open flowers",2010,223,223,223,0,"2010 _ California"
"California","Rubus laciniatus","Herbarium","Open flowers",2012,227,259,243,32,"2012 _ California"
"California","Rubus laciniatus","Herbarium","Open flowers",2013,206,206,206,0,"2013 _ California"
"California","Rubus laciniatus","Herbarium","Open flowers",2014,209,209,209,0,"2014 _ California"
"California","Rubus spectabilis","Herbarium","Open flowers",1882,199,199,199,0,"1882 _ California"
"California","Rubus spectabilis","Herbarium","Open flowers",1893,91,91,91,0,"1893 _ California"
"California","Rubus spectabilis","Herbarium","Open flowers",1895,111,111,111,0,"1895 _ California"
"California","Rubus spectabilis","Herbarium","Open flowers",1896,152,152,152,0,"1896 _ California"
"California","Rubus spectabilis","Herbarium","Open flowers",1898,95,95,95,0,"1898 _ California"
"California","Rubus spectabilis","Herbarium","Open flowers",1899,177,177,177,0,"1899 _ California"
"California","Rubus spectabilis","Herbarium","Open flowers",1901,97,121,109,24,"1901 _ California"
"California","Rubus spectabilis","Herbarium","Open flowers",1905,152,152,152,0,"1905 _ California"
"California","Rubus spectabilis","Herbarium","Open flowers",1920,60,60,60,0,"1920 _ California"
"California","Rubus spectabilis","Herbarium","Open flowers",1922,88,88,88,0,"1922 _ California"
"California","Rubus spectabilis","Herbarium","Open flowers",1923,105,105,105,0,"1923 _ California"
"California","Rubus spectabilis","Herbarium","Open flowers",1924,117,117,117,0,"1924 _ California"
"California","Rubus spectabilis","Herbarium","Open flowers",1931,102,234,168,132,"1931 _ California"
"California","Rubus spectabilis","Herbarium","Open flowers",1932,181,181,181,0,"1932 _ California"
"California","Rubus spectabilis","Herbarium","Open flowers",1933,139,139,139,0,"1933 _ California"
"California","Rubus spectabilis","Herbarium","Open flowers",1934,77,153,115,76,"1934 _ California"
"California","Rubus spectabilis","Herbarium","Open flowers",1935,167,167,167,0,"1935 _ California"
"California","Rubus spectabilis","Herbarium","Open flowers",1936,67,67,67,0,"1936 _ California"
"California","Rubus spectabilis","Herbarium","Open flowers",1937,85,136,110.5,51,"1937 _ California"
"California","Rubus spectabilis","Herbarium","Open flowers",1939,190,190,190,0,"1939 _ California"
"California","Rubus spectabilis","Herbarium","Open flowers",1941,33,98,65.5,65,"1941 _ California"
"California","Rubus spectabilis","Herbarium","Open flowers",1946,153,153,153,0,"1946 _ California"
"California","Rubus spectabilis","Herbarium","Open flowers",1948,80,136,108,56,"1948 _ California"
"California","Rubus spectabilis","Herbarium","Open flowers",1949,93,93,93,0,"1949 _ California"
"California","Rubus spectabilis","Herbarium","Open flowers",1950,86,86,86,0,"1950 _ California"
"California","Rubus spectabilis","Herbarium","Open flowers",1955,78,78,78,0,"1955 _ California"
"California","Rubus spectabilis","Herbarium","Open flowers",1956,93,93,93,0,"1956 _ California"
"California","Rubus spectabilis","Herbarium","Open flowers",1957,118,118,118,0,"1957 _ California"
"California","Rubus spectabilis","Herbarium","Open flowers",1959,157,157,157,0,"1959 _ California"
"California","Rubus spectabilis","Herbarium","Open flowers",1963,55,114,84.5,59,"1963 _ California"
"California","Rubus spectabilis","Herbarium","Open flowers",1964,141,141,141,0,"1964 _ California"
"California","Rubus spectabilis","Herbarium","Open flowers",1965,115,115,115,0,"1965 _ California"
"California","Rubus spectabilis","Herbarium","Open flowers",1966,94,94,94,0,"1966 _ California"
"California","Rubus spectabilis","Herbarium","Open flowers",1968,88,88,88,0,"1968 _ California"
"California","Rubus spectabilis","Herbarium","Open flowers",1972,72,89,80.5,17,"1972 _ California"
"California","Rubus spectabilis","Herbarium","Open flowers",1973,86,86,86,0,"1973 _ California"
"California","Rubus spectabilis","Herbarium","Open flowers",1975,131,131,131,0,"1975 _ California"
"California","Rubus spectabilis","Herbarium","Open flowers",1977,141,141,141,0,"1977 _ California"
"California","Rubus spectabilis","Herbarium","Open flowers",1981,103,103,103,0,"1981 _ California"
"California","Rubus spectabilis","Herbarium","Open flowers",1982,183,183,183,0,"1982 _ California"
"California","Rubus spectabilis","Herbarium","Open flowers",1983,65,65,65,0,"1983 _ California"
"California","Rubus spectabilis","Herbarium","Open flowers",1988,108,108,108,0,"1988 _ California"
"California","Rubus spectabilis","Herbarium","Open flowers",1992,160,160,160,0,"1992 _ California"
"California","Rubus spectabilis","Herbarium","Open flowers",1999,133,133,133,0,"1999 _ California"
"Colorado","Acer rubrum","USA-NPN","Open flowers",2017,83,96,89.5,13,"2017 _ Colorado"
"Colorado","Acer rubrum","USA-NPN","Open flowers",2018,93,101,97,8,"2018 _ Colorado"
"Colorado","Juglans nigra","Herbarium","Open flowers",2007,145,145,145,0,"2007 _ Colorado"
"Colorado","Rubus laciniatus","Herbarium","Open flowers",1993,204,204,204,0,"1993 _ Colorado"
"Connecticut","Acer rubrum","Herbarium","Open flowers",1887,150,150,150,0,"1887 _ Connecticut"
"Connecticut","Acer rubrum","Herbarium","Open flowers",1892,103,103,103,0,"1892 _ Connecticut"
"Connecticut","Acer rubrum","Herbarium","Open flowers",1893,140,140,140,0,"1893 _ Connecticut"
"Connecticut","Acer rubrum","Herbarium","Open flowers",1897,101,101,101,0,"1897 _ Connecticut"
"Connecticut","Acer rubrum","Herbarium","Open flowers",1907,80,104,92,24,"1907 _ Connecticut"
"Connecticut","Acer rubrum","Herbarium","Open flowers",1929,95,95,95,0,"1929 _ Connecticut"
"Connecticut","Acer rubrum","Herbarium","Open flowers",1940,126,126,126,0,"1940 _ Connecticut"
"Connecticut","Acer rubrum","Herbarium","Open flowers",1968,107,107,107,0,"1968 _ Connecticut"
"Connecticut","Acer rubrum","Herbarium","Open flowers",1973,100,100,100,0,"1973 _ Connecticut"
"Connecticut","Acer rubrum","Herbarium","Open flowers",1975,110,110,110,0,"1975 _ Connecticut"
"Connecticut","Acer rubrum","Herbarium","Open flowers",1978,143,143,143,0,"1978 _ Connecticut"
"Connecticut","Acer rubrum","Herbarium","Open flowers",1981,99,107,103,8,"1981 _ Connecticut"
"Connecticut","Acer rubrum","Herbarium","Open flowers",1983,105,105,105,0,"1983 _ Connecticut"
"Connecticut","Acer rubrum","Herbarium","Open flowers",1996,111,111,111,0,"1996 _ Connecticut"
"Connecticut","Acer rubrum","Herbarium","Open flowers",2002,75,75,75,0,"2002 _ Connecticut"
"Connecticut","Acer rubrum","Herbarium","Open flowers",2013,119,123,121,4,"2013 _ Connecticut"
"Connecticut","Acer rubrum","Herbarium","Open flowers",2014,108,108,108,0,"2014 _ Connecticut"
"Connecticut","Acer rubrum","USA-NPN","Open flowers",2013,100,100,100,0,"2013 _ Connecticut"
"Connecticut","Acer rubrum","USA-NPN","Open flowers",2020,91,91,91,0,"2020 _ Connecticut"
"Connecticut","Acer rubrum","USA-NPN","Open flowers",2021,90,90,90,0,"2021 _ Connecticut"
"Connecticut","Juglans nigra","Herbarium","Open flowers",1905,166,166,166,0,"1905 _ Connecticut"
"Connecticut","Juglans nigra","Herbarium","Open flowers",1910,135,135,135,0,"1910 _ Connecticut"
"Connecticut","Juglans nigra","Herbarium","Open flowers",1995,143,143,143,0,"1995 _ Connecticut"
"Connecticut","Rubus laciniatus","Herbarium","Open flowers",1929,190,191,190.5,1,"1929 _ Connecticut"
"Connecticut","Rubus laciniatus","Herbarium","Open flowers",1932,182,214,198,32,"1932 _ Connecticut"
"Connecticut","Rubus laciniatus","Herbarium","Open flowers",1965,211,211,211,0,"1965 _ Connecticut"
"Delaware","Acer rubrum","USA-NPN","Open flowers",2014,111,111,111,0,"2014 _ Delaware"
"District of Columbia","Acer rubrum","USA-NPN","Open flowers",2015,75,287,181,212,"2015 _ District of Columbia"
"District of Columbia","Acer rubrum","USA-NPN","Open flowers",2019,83,83,83,0,"2019 _ District of Columbia"
"Florida","Acer rubrum","Herbarium","Open flowers",1957,12,12,12,0,"1957 _ Florida"
"Florida","Acer rubrum","Herbarium","Open flowers",1961,31,31,31,0,"1961 _ Florida"
"Florida","Acer rubrum","Herbarium","Open flowers",1973,8,8,8,0,"1973 _ Florida"
"Florida","Acer rubrum","Herbarium","Open flowers",1982,38,38,38,0,"1982 _ Florida"
"Florida","Acer rubrum","Herbarium","Open flowers",1986,30,30,30,0,"1986 _ Florida"
"Florida","Acer rubrum","Herbarium","Open flowers",2003,28,34,31,6,"2003 _ Florida"
"Florida","Acer rubrum","Herbarium","Open flowers",2006,21,49,35,28,"2006 _ Florida"
"Florida","Acer rubrum","Herbarium","Open flowers",2013,3,3,3,0,"2013 _ Florida"
"Florida","Acer rubrum","USA-NPN","Open flowers",2014,10,10,10,0,"2014 _ Florida"
"Florida","Acer rubrum","USA-NPN","Open flowers",2015,46,46,46,0,"2015 _ Florida"
"Florida","Acer rubrum","USA-NPN","Open flowers",2017,83,83,83,0,"2017 _ Florida"
"Florida","Ilex decidua","Herbarium","Open flowers",1979,248,248,248,0,"1979 _ Florida"
"Florida","Ilex decidua","Herbarium","Open flowers",1999,127,127,127,0,"1999 _ Florida"
"Florida","Ilex decidua","Herbarium","Open flowers",2002,43,101,72,58,"2002 _ Florida"
"Florida","Ilex decidua","Herbarium","Open flowers",2007,71,82,76.5,11,"2007 _ Florida"
"Florida","Juglans nigra","Herbarium","Open flowers",2008,131,131,131,0,"2008 _ Florida"
"Florida","Juglans nigra","Herbarium","Open flowers",2012,108,108,108,0,"2012 _ Florida"
"Georgia","Acer rubrum","Herbarium","Open flowers",2004,78,78,78,0,"2004 _ Georgia"
"Georgia","Acer rubrum","USA-NPN","Open flowers",2013,48,48,48,0,"2013 _ Georgia"
"Georgia","Ilex decidua","Herbarium","Open flowers",2003,94,94,94,0,"2003 _ Georgia"
"Idaho","Rubus laciniatus","Herbarium","Open flowers",1999,155,155,155,0,"1999 _ Idaho"
"Illinois","Acer rubrum","Herbarium","Open flowers",1978,269,269,269,0,"1978 _ Illinois"
"Illinois","Acer rubrum","Herbarium","Open flowers",2006,95,95,95,0,"2006 _ Illinois"
"Illinois","Acer rubrum","USA-NPN","Open flowers",2016,85,85,85,0,"2016 _ Illinois"
"Illinois","Acer rubrum","USA-NPN","Open flowers",2019,83,83,83,0,"2019 _ Illinois"
"Illinois","Acer rubrum","USA-NPN","Open flowers",2020,94,94,94,0,"2020 _ Illinois"
"Illinois","Acer rubrum","USA-NPN","Open flowers",2021,85,259,172,174,"2021 _ Illinois"
"Illinois","Juglans nigra","Herbarium","Open flowers",1937,145,145,145,0,"1937 _ Illinois"
"Illinois","Juglans nigra","Herbarium","Open flowers",1970,136,136,136,0,"1970 _ Illinois"
"Illinois","Juglans nigra","Herbarium","Open flowers",2004,131,131,131,0,"2004 _ Illinois"
"Illinois","Juglans nigra","USA-NPN","Open flowers",2016,143,143,143,0,"2016 _ Illinois"
"Indiana","Acer rubrum","Herbarium","Open flowers",1933,87,87,87,0,"1933 _ Indiana"
"Indiana","Acer rubrum","USA-NPN","Open flowers",2015,92,92,92,0,"2015 _ Indiana"
"Indiana","Acer rubrum","USA-NPN","Open flowers",2020,101,101,101,0,"2020 _ Indiana"
"Indiana","Acer rubrum","USA-NPN","Open flowers",2021,88,90,89,2,"2021 _ Indiana"
"Indiana","Juglans nigra","USA-NPN","Open flowers",2020,143,143,143,0,"2020 _ Indiana"
"Kansas","Ilex decidua","USA-NPN","Open flowers",2018,76,76,76,0,"2018 _ Kansas"
"Kansas","Juglans nigra","Herbarium","Open flowers",1966,134,134,134,0,"1966 _ Kansas"
"Kansas","Juglans nigra","Herbarium","Open flowers",2002,134,134,134,0,"2002 _ Kansas"
"Kansas","Juglans nigra","NEON","Open flowers",2021,130,137,133.5,7,"2021 _ Kansas"
"Kentucky","Acer rubrum","Herbarium","Open flowers",1965,97,98,97.5,1,"1965 _ Kentucky"
"Kentucky","Acer rubrum","Herbarium","Open flowers",1967,83,83,83,0,"1967 _ Kentucky"
"Kentucky","Acer rubrum","Herbarium","Open flowers",1969,132,202,167,70,"1969 _ Kentucky"
"Kentucky","Acer rubrum","Herbarium","Open flowers",1971,72,94,83,22,"1971 _ Kentucky"
"Kentucky","Acer rubrum","Herbarium","Open flowers",1973,61,61,61,0,"1973 _ Kentucky"
"Kentucky","Acer rubrum","Herbarium","Open flowers",1974,73,73,73,0,"1974 _ Kentucky"
"Kentucky","Acer rubrum","Herbarium","Open flowers",1977,73,73,73,0,"1977 _ Kentucky"
"Kentucky","Acer rubrum","USA-NPN","Open flowers",2017,74,81,77.5,7,"2017 _ Kentucky"
"Kentucky","Acer rubrum","USA-NPN","Open flowers",2018,96,96,96,0,"2018 _ Kentucky"
"Kentucky","Acer rubrum","USA-NPN","Open flowers",2020,71,80,75.5,9,"2020 _ Kentucky"
"Kentucky","Ilex decidua","Herbarium","Open flowers",1967,103,103,103,0,"1967 _ Kentucky"
"Kentucky","Ilex decidua","Herbarium","Open flowers",1971,133,137,135,4,"1971 _ Kentucky"
"Kentucky","Ilex decidua","Herbarium","Open flowers",1972,127,131,129,4,"1972 _ Kentucky"
"Kentucky","Ilex decidua","Herbarium","Open flowers",1975,292,292,292,0,"1975 _ Kentucky"
"Louisiana","Acer rubrum","USA-NPN","Open flowers",2016,34,34,34,0,"2016 _ Louisiana"
"Louisiana","Acer rubrum","USA-NPN","Open flowers",2017,53,69,61,16,"2017 _ Louisiana"
"Louisiana","Acer rubrum","USA-NPN","Open flowers",2018,38,67,52.5,29,"2018 _ Louisiana"
"Louisiana","Acer rubrum","USA-NPN","Open flowers",2019,24,30,27,6,"2019 _ Louisiana"
"Louisiana","Acer rubrum","USA-NPN","Open flowers",2020,15,64,39.5,49,"2020 _ Louisiana"
"Louisiana","Acer rubrum","USA-NPN","Open flowers",2021,40,365,202.5,325,"2021 _ Louisiana"
"Louisiana","Ilex decidua","Herbarium","Open flowers",1977,99,99,99,0,"1977 _ Louisiana"
"Louisiana","Ilex decidua","USA-NPN","Open flowers",2017,89,89,89,0,"2017 _ Louisiana"
"Louisiana","Ilex decidua","USA-NPN","Open flowers",2018,76,82,79,6,"2018 _ Louisiana"
"Louisiana","Ilex decidua","USA-NPN","Open flowers",2019,87,87,87,0,"2019 _ Louisiana"
"Maine","Acer rubrum","Herbarium","Open flowers",1856,92,92,92,0,"1856 _ Maine"
"Maine","Acer rubrum","Herbarium","Open flowers",1892,92,92,92,0,"1892 _ Maine"
"Maine","Acer rubrum","Herbarium","Open flowers",1905,79,79,79,0,"1905 _ Maine"
"Maine","Acer rubrum","Herbarium","Open flowers",1914,138,138,138,0,"1914 _ Maine"
"Maine","Acer rubrum","Herbarium","Open flowers",1921,109,109,109,0,"1921 _ Maine"
"Maine","Acer rubrum","Herbarium","Open flowers",1922,120,120,120,0,"1922 _ Maine"
"Maine","Acer rubrum","Herbarium","Open flowers",1933,118,118,118,0,"1933 _ Maine"
"Maine","Acer rubrum","Herbarium","Open flowers",1940,142,142,142,0,"1940 _ Maine"
"Maine","Acer rubrum","Herbarium","Open flowers",1978,128,128,128,0,"1978 _ Maine"
"Maine","Acer rubrum","USA-NPN","Open flowers",2013,110,110,110,0,"2013 _ Maine"
"Maine","Acer rubrum","USA-NPN","Open flowers",2016,122,122,122,0,"2016 _ Maine"
"Maine","Acer rubrum","USA-NPN","Open flowers",2017,146,146,146,0,"2017 _ Maine"
"Maine","Acer rubrum","USA-NPN","Open flowers",2018,118,131,124.5,13,"2018 _ Maine"
"Maine","Acer rubrum","USA-NPN","Open flowers",2019,107,128,117.5,21,"2019 _ Maine"
"Maine","Acer rubrum","USA-NPN","Open flowers",2020,108,126,117,18,"2020 _ Maine"
"Maine","Acer rubrum","USA-NPN","Open flowers",2021,95,126,110.5,31,"2021 _ Maine"
"Maryland","Acer rubrum","Herbarium","Open flowers",2013,99,99,99,0,"2013 _ Maryland"
"Maryland","Acer rubrum","NEON","Open flowers",2021,82,89,85.5,7,"2021 _ Maryland"
"Maryland","Acer rubrum","USA-NPN","Open flowers",2016,88,88,88,0,"2016 _ Maryland"
"Maryland","Acer rubrum","USA-NPN","Open flowers",2017,57,80,68.5,23,"2017 _ Maryland"
"Maryland","Acer rubrum","USA-NPN","Open flowers",2018,51,113,82,62,"2018 _ Maryland"
"Maryland","Acer rubrum","USA-NPN","Open flowers",2020,54,94,74,40,"2020 _ Maryland"
"Massachusetts","Acer rubrum","Herbarium","Open flowers",1895,90,136,113,46,"1895 _ Massachusetts"
"Massachusetts","Acer rubrum","Herbarium","Open flowers",1896,117,117,117,0,"1896 _ Massachusetts"
"Massachusetts","Acer rubrum","Herbarium","Open flowers",1900,112,112,112,0,"1900 _ Massachusetts"
"Massachusetts","Acer rubrum","Herbarium","Open flowers",1907,116,116,116,0,"1907 _ Massachusetts"
"Massachusetts","Acer rubrum","Herbarium","Open flowers",1920,160,160,160,0,"1920 _ Massachusetts"
"Massachusetts","Acer rubrum","Herbarium","Open flowers",1938,107,107,107,0,"1938 _ Massachusetts"
"Massachusetts","Acer rubrum","Herbarium","Open flowers",1952,126,126,126,0,"1952 _ Massachusetts"
"Massachusetts","Acer rubrum","Herbarium","Open flowers",1973,111,111,111,0,"1973 _ Massachusetts"
"Massachusetts","Acer rubrum","NEON","Open flowers",2014,127,127,127,0,"2014 _ Massachusetts"
"Massachusetts","Acer rubrum","NEON","Open flowers",2017,107,107,107,0,"2017 _ Massachusetts"
"Massachusetts","Acer rubrum","NEON","Open flowers",2019,112,122,117,10,"2019 _ Massachusetts"
"Massachusetts","Acer rubrum","NEON","Open flowers",2020,244,244,244,0,"2020 _ Massachusetts"
"Massachusetts","Acer rubrum","NEON","Open flowers",2021,98,109,103.5,11,"2021 _ Massachusetts"
"Massachusetts","Acer rubrum","USA-NPN","Open flowers",2013,106,106,106,0,"2013 _ Massachusetts"
"Massachusetts","Acer rubrum","USA-NPN","Open flowers",2015,102,123,112.5,21,"2015 _ Massachusetts"
"Massachusetts","Acer rubrum","USA-NPN","Open flowers",2016,97,97,97,0,"2016 _ Massachusetts"
"Massachusetts","Acer rubrum","USA-NPN","Open flowers",2017,135,135,135,0,"2017 _ Massachusetts"
"Massachusetts","Acer rubrum","USA-NPN","Open flowers",2018,68,68,68,0,"2018 _ Massachusetts"
"Massachusetts","Acer rubrum","USA-NPN","Open flowers",2019,94,160,127,66,"2019 _ Massachusetts"
"Massachusetts","Acer rubrum","USA-NPN","Open flowers",2020,70,111,90.5,41,"2020 _ Massachusetts"
"Massachusetts","Acer rubrum","USA-NPN","Open flowers",2021,86,114,100,28,"2021 _ Massachusetts"
"Massachusetts","Juglans nigra","Herbarium","Open flowers",1933,135,135,135,0,"1933 _ Massachusetts"
"Massachusetts","Juglans nigra","USA-NPN","Open flowers",2021,147,147,147,0,"2021 _ Massachusetts"
"Massachusetts","Rubus laciniatus","Herbarium","Open flowers",1943,190,190,190,0,"1943 _ Massachusetts"
"Massachusetts","Rubus laciniatus","Herbarium","Open flowers",1945,194,194,194,0,"1945 _ Massachusetts"
"Michigan","Acer rubrum","USA-NPN","Open flowers",2019,124,124,124,0,"2019 _ Michigan"
"Michigan","Acer rubrum","USA-NPN","Open flowers",2021,122,141,131.5,19,"2021 _ Michigan"
"Michigan","Rubus laciniatus","USA-NPN","Open flowers",2021,163,163,163,0,"2021 _ Michigan"
"Minnesota","Acer rubrum","USA-NPN","Open flowers",2014,132,132,132,0,"2014 _ Minnesota"
"Minnesota","Acer rubrum","USA-NPN","Open flowers",2015,95,95,95,0,"2015 _ Minnesota"
"Minnesota","Acer rubrum","USA-NPN","Open flowers",2016,79,79,79,0,"2016 _ Minnesota"
"Minnesota","Acer rubrum","USA-NPN","Open flowers",2017,92,133,112.5,41,"2017 _ Minnesota"
"Minnesota","Acer rubrum","USA-NPN","Open flowers",2018,122,132,127,10,"2018 _ Minnesota"
"Minnesota","Acer rubrum","USA-NPN","Open flowers",2019,130,130,130,0,"2019 _ Minnesota"
"Minnesota","Acer rubrum","USA-NPN","Open flowers",2020,112,129,120.5,17,"2020 _ Minnesota"
"Minnesota","Acer rubrum","USA-NPN","Open flowers",2021,87,110,98.5,23,"2021 _ Minnesota"
"Minnesota","Juglans nigra","USA-NPN","Open flowers",2016,140,140,140,0,"2016 _ Minnesota"
"Minnesota","Juglans nigra","USA-NPN","Open flowers",2018,144,144,144,0,"2018 _ Minnesota"
"Mississippi","Acer rubrum","Herbarium","Open flowers",1976,45,45,45,0,"1976 _ Mississippi"
"Mississippi","Acer rubrum","Herbarium","Open flowers",1999,31,31,31,0,"1999 _ Mississippi"
"Mississippi","Acer rubrum","Herbarium","Open flowers",2008,97,114,105.5,17,"2008 _ Mississippi"
"Mississippi","Acer rubrum","USA-NPN","Open flowers",2018,54,82,68,28,"2018 _ Mississippi"
"Mississippi","Acer rubrum","USA-NPN","Open flowers",2019,11,52,31.5,41,"2019 _ Mississippi"
"Mississippi","Acer rubrum","USA-NPN","Open flowers",2020,42,52,47,10,"2020 _ Mississippi"
"Mississippi","Acer rubrum","USA-NPN","Open flowers",2021,14,57,35.5,43,"2021 _ Mississippi"
"Mississippi","Ilex decidua","Herbarium","Open flowers",1951,108,108,108,0,"1951 _ Mississippi"
"Mississippi","Ilex decidua","Herbarium","Open flowers",1977,78,105,91.5,27,"1977 _ Mississippi"
"Mississippi","Ilex decidua","Herbarium","Open flowers",1981,127,127,127,0,"1981 _ Mississippi"
"Mississippi","Ilex decidua","Herbarium","Open flowers",1984,114,114,114,0,"1984 _ Mississippi"
"Mississippi","Ilex decidua","Herbarium","Open flowers",2004,104,107,105.5,3,"2004 _ Mississippi"
"Mississippi","Ilex decidua","Herbarium","Open flowers",2006,306,306,306,0,"2006 _ Mississippi"
"Mississippi","Ilex decidua","Herbarium","Open flowers",2007,310,310,310,0,"2007 _ Mississippi"
"Mississippi","Ilex decidua","Herbarium","Open flowers",2009,268,268,268,0,"2009 _ Mississippi"
"Missouri","Acer rubrum","USA-NPN","Open flowers",2019,96,96,96,0,"2019 _ Missouri"
"Missouri","Ilex decidua","Herbarium","Open flowers",1987,129,129,129,0,"1987 _ Missouri"
"Missouri","Juglans nigra","Herbarium","Open flowers",1987,129,129,129,0,"1987 _ Missouri"
"New Hampshire","Acer rubrum","Herbarium","Open flowers",1963,123,123,123,0,"1963 _ New Hampshire"
"New Hampshire","Acer rubrum","NEON","Open flowers",2014,127,134,130.5,7,"2014 _ New Hampshire"
"New Hampshire","Acer rubrum","NEON","Open flowers",2016,118,132,125,14,"2016 _ New Hampshire"
"New Hampshire","Acer rubrum","NEON","Open flowers",2019,119,140,129.5,21,"2019 _ New Hampshire"
"New Hampshire","Acer rubrum","NEON","Open flowers",2021,103,109,106,6,"2021 _ New Hampshire"
"New Hampshire","Acer rubrum","USA-NPN","Open flowers",2013,125,125,125,0,"2013 _ New Hampshire"
"New Hampshire","Acer rubrum","USA-NPN","Open flowers",2018,127,129,128,2,"2018 _ New Hampshire"
"New Hampshire","Acer rubrum","USA-NPN","Open flowers",2020,97,127,112,30,"2020 _ New Hampshire"
"New Jersey","Acer rubrum","Herbarium","Open flowers",2003,144,144,144,0,"2003 _ New Jersey"
"New Jersey","Acer rubrum","USA-NPN","Open flowers",2019,89,89,89,0,"2019 _ New Jersey"
"New Jersey","Acer rubrum","USA-NPN","Open flowers",2020,92,93,92.5,1,"2020 _ New Jersey"
"New Jersey","Acer rubrum","USA-NPN","Open flowers",2021,100,100,100,0,"2021 _ New Jersey"
"New Jersey","Rubus laciniatus","Herbarium","Open flowers",1928,214,214,214,0,"1928 _ New Jersey"
"New Jersey","Rubus laciniatus","Herbarium","Open flowers",1949,163,163,163,0,"1949 _ New Jersey"
"New Mexico","Rubus laciniatus","Herbarium","Open flowers",1998,228,228,228,0,"1998 _ New Mexico"
"New York","Acer rubrum","Herbarium","Open flowers",1883,127,127,127,0,"1883 _ New York"
"New York","Acer rubrum","Herbarium","Open flowers",1890,73,73,73,0,"1890 _ New York"
"New York","Acer rubrum","Herbarium","Open flowers",1896,109,109,109,0,"1896 _ New York"
"New York","Acer rubrum","Herbarium","Open flowers",1902,130,130,130,0,"1902 _ New York"
"New York","Acer rubrum","Herbarium","Open flowers",1907,99,99,99,0,"1907 _ New York"
"New York","Acer rubrum","Herbarium","Open flowers",1958,115,115,115,0,"1958 _ New York"
"New York","Acer rubrum","Herbarium","Open flowers",1987,89,89,89,0,"1987 _ New York"
"New York","Acer rubrum","Herbarium","Open flowers",2006,88,88,88,0,"2006 _ New York"
"New York","Acer rubrum","Herbarium","Open flowers",2008,98,98,98,0,"2008 _ New York"
"New York","Acer rubrum","Herbarium","Open flowers",2009,114,114,114,0,"2009 _ New York"
"New York","Acer rubrum","Herbarium","Open flowers",2010,76,76,76,0,"2010 _ New York"
"New York","Acer rubrum","Herbarium","Open flowers",2014,86,86,86,0,"2014 _ New York"
"New York","Acer rubrum","USA-NPN","Open flowers",2013,115,115,115,0,"2013 _ New York"
"New York","Acer rubrum","USA-NPN","Open flowers",2014,115,132,123.5,17,"2014 _ New York"
"New York","Acer rubrum","USA-NPN","Open flowers",2015,105,128,116.5,23,"2015 _ New York"
"New York","Acer rubrum","USA-NPN","Open flowers",2016,73,141,107,68,"2016 _ New York"
"New York","Acer rubrum","USA-NPN","Open flowers",2017,83,103,93,20,"2017 _ New York"
"New York","Acer rubrum","USA-NPN","Open flowers",2018,98,123,110.5,25,"2018 _ New York"
"New York","Acer rubrum","USA-NPN","Open flowers",2019,86,310,198,224,"2019 _ New York"
"New York","Acer rubrum","USA-NPN","Open flowers",2020,62,275,168.5,213,"2020 _ New York"
"New York","Acer rubrum","USA-NPN","Open flowers",2021,55,127,91,72,"2021 _ New York"
"New York","Juglans nigra","Herbarium","Open flowers",1914,142,142,142,0,"1914 _ New York"
"New York","Juglans nigra","Herbarium","Open flowers",1977,148,148,148,0,"1977 _ New York"
"New York","Juglans nigra","Herbarium","Open flowers",1980,147,147,147,0,"1980 _ New York"
"New York","Juglans nigra","Herbarium","Open flowers",2008,134,134,134,0,"2008 _ New York"
"New York","Juglans nigra","USA-NPN","Open flowers",2016,92,92,92,0,"2016 _ New York"
"New York","Rubus laciniatus","Herbarium","Open flowers",1914,192,192,192,0,"1914 _ New York"
"New York","Rubus laciniatus","Herbarium","Open flowers",1937,225,225,225,0,"1937 _ New York"
"New York","Rubus laciniatus","Herbarium","Open flowers",1941,163,163,163,0,"1941 _ New York"
"New York","Rubus laciniatus","Herbarium","Open flowers",2013,259,259,259,0,"2013 _ New York"
"New York","Rubus laciniatus","Herbarium","Open flowers",2014,162,163,162.5,1,"2014 _ New York"
"North Carolina","Acer rubrum","Herbarium","Open flowers",1940,90,90,90,0,"1940 _ North Carolina"
"North Carolina","Acer rubrum","Herbarium","Open flowers",1978,87,87,87,0,"1978 _ North Carolina"
"North Carolina","Acer rubrum","USA-NPN","Open flowers",2014,89,89,89,0,"2014 _ North Carolina"
"North Carolina","Acer rubrum","USA-NPN","Open flowers",2016,60,78,69,18,"2016 _ North Carolina"
"North Carolina","Acer rubrum","USA-NPN","Open flowers",2017,73,83,78,10,"2017 _ North Carolina"
"North Carolina","Acer rubrum","USA-NPN","Open flowers",2018,58,106,82,48,"2018 _ North Carolina"
"North Carolina","Acer rubrum","USA-NPN","Open flowers",2019,50,135,92.5,85,"2019 _ North Carolina"
"North Carolina","Acer rubrum","USA-NPN","Open flowers",2020,41,293,167,252,"2020 _ North Carolina"
"North Carolina","Acer rubrum","USA-NPN","Open flowers",2021,66,97,81.5,31,"2021 _ North Carolina"
"North Carolina","Ilex decidua","Herbarium","Open flowers",1953,107,107,107,0,"1953 _ North Carolina"
"North Carolina","Ilex decidua","Herbarium","Open flowers",2001,109,109,109,0,"2001 _ North Carolina"
"North Carolina","Ilex decidua","Herbarium","Open flowers",2008,128,128,128,0,"2008 _ North Carolina"
"North Carolina","Juglans nigra","Herbarium","Open flowers",1967,117,117,117,0,"1967 _ North Carolina"
"North Carolina","Juglans nigra","USA-NPN","Open flowers",2017,153,153,153,0,"2017 _ North Carolina"
"North Carolina","Juglans nigra","USA-NPN","Open flowers",2018,132,132,132,0,"2018 _ North Carolina"
"North Carolina","Juglans nigra","USA-NPN","Open flowers",2020,69,137,103,68,"2020 _ North Carolina"
"North Carolina","Rubus laciniatus","Herbarium","Open flowers",2017,154,154,154,0,"2017 _ North Carolina"
"North Carolina","Rubus laciniatus","USA-NPN","Open flowers",2019,102,102,102,0,"2019 _ North Carolina"
"Ohio","Acer rubrum","USA-NPN","Open flowers",2016,84,84,84,0,"2016 _ Ohio"
"Ohio","Acer rubrum","USA-NPN","Open flowers",2018,60,114,87,54,"2018 _ Ohio"
"Ohio","Acer rubrum","USA-NPN","Open flowers",2020,93,93,93,0,"2020 _ Ohio"
"Ohio","Juglans nigra","Herbarium","Open flowers",1886,151,151,151,0,"1886 _ Ohio"
"Ohio","Juglans nigra","Herbarium","Open flowers",1934,148,148,148,0,"1934 _ Ohio"
"Ohio","Juglans nigra","Herbarium","Open flowers",1942,128,132,130,4,"1942 _ Ohio"
"Ohio","Juglans nigra","Herbarium","Open flowers",1962,130,130,130,0,"1962 _ Ohio"
"Ohio","Juglans nigra","Herbarium","Open flowers",2004,132,132,132,0,"2004 _ Ohio"
"Ohio","Rubus laciniatus","Herbarium","Open flowers",1964,192,192,192,0,"1964 _ Ohio"
"Oregon","Juglans nigra","Herbarium","Open flowers",1953,142,142,142,0,"1953 _ Oregon"
"Oregon","Juglans nigra","Herbarium","Open flowers",1983,136,136,136,0,"1983 _ Oregon"
"Oregon","Juglans nigra","USA-NPN","Open flowers",2019,137,137,137,0,"2019 _ Oregon"
"Oregon","Rubus laciniatus","Herbarium","Open flowers",1909,183,183,183,0,"1909 _ Oregon"
"Oregon","Rubus laciniatus","Herbarium","Open flowers",1960,171,171,171,0,"1960 _ Oregon"
"Oregon","Rubus laciniatus","Herbarium","Open flowers",1979,180,180,180,0,"1979 _ Oregon"
"Oregon","Rubus laciniatus","Herbarium","Open flowers",1982,174,174,174,0,"1982 _ Oregon"
"Oregon","Rubus laciniatus","Herbarium","Open flowers",1984,181,181,181,0,"1984 _ Oregon"
"Oregon","Rubus laciniatus","Herbarium","Open flowers",1995,165,165,165,0,"1995 _ Oregon"
"Oregon","Rubus laciniatus","Herbarium","Open flowers",2000,189,189,189,0,"2000 _ Oregon"
"Oregon","Rubus laciniatus","Herbarium","Open flowers",2007,213,213,213,0,"2007 _ Oregon"
"Oregon","Rubus laciniatus","Herbarium","Open flowers",2014,214,214,214,0,"2014 _ Oregon"
"Oregon","Rubus spectabilis","Herbarium","Open flowers",1880,133,133,133,0,"1880 _ Oregon"
"Oregon","Rubus spectabilis","Herbarium","Open flowers",1882,140,140,140,0,"1882 _ Oregon"
"Oregon","Rubus spectabilis","Herbarium","Open flowers",1902,124,124,124,0,"1902 _ Oregon"
"Oregon","Rubus spectabilis","Herbarium","Open flowers",1903,94,94,94,0,"1903 _ Oregon"
"Oregon","Rubus spectabilis","Herbarium","Open flowers",1905,88,88,88,0,"1905 _ Oregon"
"Oregon","Rubus spectabilis","Herbarium","Open flowers",1910,113,113,113,0,"1910 _ Oregon"
"Oregon","Rubus spectabilis","Herbarium","Open flowers",1911,176,176,176,0,"1911 _ Oregon"
"Oregon","Rubus spectabilis","Herbarium","Open flowers",1912,125,125,125,0,"1912 _ Oregon"
"Oregon","Rubus spectabilis","Herbarium","Open flowers",1916,99,99,99,0,"1916 _ Oregon"
"Oregon","Rubus spectabilis","Herbarium","Open flowers",1926,73,102,87.5,29,"1926 _ Oregon"
"Oregon","Rubus spectabilis","Herbarium","Open flowers",1927,172,207,189.5,35,"1927 _ Oregon"
"Oregon","Rubus spectabilis","Herbarium","Open flowers",1928,92,92,92,0,"1928 _ Oregon"
"Oregon","Rubus spectabilis","Herbarium","Open flowers",1929,127,127,127,0,"1929 _ Oregon"
"Oregon","Rubus spectabilis","Herbarium","Open flowers",1930,108,190,149,82,"1930 _ Oregon"
"Oregon","Rubus spectabilis","Herbarium","Open flowers",1931,158,158,158,0,"1931 _ Oregon"
"Oregon","Rubus spectabilis","Herbarium","Open flowers",1932,107,107,107,0,"1932 _ Oregon"
"Oregon","Rubus spectabilis","Herbarium","Open flowers",1934,49,49,49,0,"1934 _ Oregon"
"Oregon","Rubus spectabilis","Herbarium","Open flowers",1935,168,185,176.5,17,"1935 _ Oregon"
"Oregon","Rubus spectabilis","Herbarium","Open flowers",1936,157,195,176,38,"1936 _ Oregon"
"Oregon","Rubus spectabilis","Herbarium","Open flowers",1938,75,134,104.5,59,"1938 _ Oregon"
"Oregon","Rubus spectabilis","Herbarium","Open flowers",1939,85,150,117.5,65,"1939 _ Oregon"
"Oregon","Rubus spectabilis","Herbarium","Open flowers",1940,110,112,111,2,"1940 _ Oregon"
"Oregon","Rubus spectabilis","Herbarium","Open flowers",1942,178,178,178,0,"1942 _ Oregon"
"Oregon","Rubus spectabilis","Herbarium","Open flowers",1947,113,198,155.5,85,"1947 _ Oregon"
"Oregon","Rubus spectabilis","Herbarium","Open flowers",1948,122,185,153.5,63,"1948 _ Oregon"
"Oregon","Rubus spectabilis","Herbarium","Open flowers",1950,145,145,145,0,"1950 _ Oregon"
"Oregon","Rubus spectabilis","Herbarium","Open flowers",1952,111,114,112.5,3,"1952 _ Oregon"
"Oregon","Rubus spectabilis","Herbarium","Open flowers",1954,99,99,99,0,"1954 _ Oregon"
"Oregon","Rubus spectabilis","Herbarium","Open flowers",1959,123,123,123,0,"1959 _ Oregon"
"Oregon","Rubus spectabilis","Herbarium","Open flowers",1967,105,105,105,0,"1967 _ Oregon"
"Oregon","Rubus spectabilis","Herbarium","Open flowers",1968,97,97,97,0,"1968 _ Oregon"
"Oregon","Rubus spectabilis","Herbarium","Open flowers",1971,150,180,165,30,"1971 _ Oregon"
"Oregon","Rubus spectabilis","Herbarium","Open flowers",1973,187,187,187,0,"1973 _ Oregon"
"Oregon","Rubus spectabilis","Herbarium","Open flowers",1974,76,142,109,66,"1974 _ Oregon"
"Oregon","Rubus spectabilis","Herbarium","Open flowers",1977,95,95,95,0,"1977 _ Oregon"
"Oregon","Rubus spectabilis","Herbarium","Open flowers",1985,137,137,137,0,"1985 _ Oregon"
"Oregon","Rubus spectabilis","Herbarium","Open flowers",1990,84,84,84,0,"1990 _ Oregon"
"Oregon","Rubus spectabilis","Herbarium","Open flowers",1991,181,181,181,0,"1991 _ Oregon"
"Oregon","Rubus spectabilis","Herbarium","Open flowers",1995,82,82,82,0,"1995 _ Oregon"
"Oregon","Rubus spectabilis","Herbarium","Open flowers",2006,85,85,85,0,"2006 _ Oregon"
"Oregon","Rubus spectabilis","Herbarium","Open flowers",2014,141,141,141,0,"2014 _ Oregon"
"Oregon","Rubus spectabilis","Herbarium","Open flowers",2016,119,119,119,0,"2016 _ Oregon"
"Oregon","Rubus spectabilis","USA-NPN","Open flowers",2012,116,130,123,14,"2012 _ Oregon"
"Oregon","Rubus spectabilis","USA-NPN","Open flowers",2014,70,108,89,38,"2014 _ Oregon"
"Oregon","Rubus spectabilis","USA-NPN","Open flowers",2018,91,91,91,0,"2018 _ Oregon"
"Oregon","Rubus spectabilis","USA-NPN","Open flowers",2019,144,165,154.5,21,"2019 _ Oregon"
"Pennsylvania","Acer rubrum","Herbarium","Open flowers",1910,84,84,84,0,"1910 _ Pennsylvania"
"Pennsylvania","Acer rubrum","Herbarium","Open flowers",1916,128,135,131.5,7,"1916 _ Pennsylvania"
"Pennsylvania","Acer rubrum","Herbarium","Open flowers",1925,116,116,116,0,"1925 _ Pennsylvania"
"Pennsylvania","Acer rubrum","Herbarium","Open flowers",1929,300,300,300,0,"1929 _ Pennsylvania"
"Pennsylvania","Acer rubrum","Herbarium","Open flowers",1947,109,109,109,0,"1947 _ Pennsylvania"
"Pennsylvania","Acer rubrum","Herbarium","Open flowers",1957,268,268,268,0,"1957 _ Pennsylvania"
"Pennsylvania","Acer rubrum","Herbarium","Open flowers",1985,111,111,111,0,"1985 _ Pennsylvania"
"Pennsylvania","Acer rubrum","Herbarium","Open flowers",1986,93,93,93,0,"1986 _ Pennsylvania"
"Pennsylvania","Acer rubrum","Herbarium","Open flowers",1993,113,113,113,0,"1993 _ Pennsylvania"
"Pennsylvania","Acer rubrum","Herbarium","Open flowers",1995,112,112,112,0,"1995 _ Pennsylvania"
"Pennsylvania","Acer rubrum","Herbarium","Open flowers",1996,138,138,138,0,"1996 _ Pennsylvania"
"Pennsylvania","Acer rubrum","Herbarium","Open flowers",1998,117,117,117,0,"1998 _ Pennsylvania"
"Pennsylvania","Acer rubrum","Herbarium","Open flowers",2006,98,118,108,20,"2006 _ Pennsylvania"
"Pennsylvania","Acer rubrum","Herbarium","Open flowers",2007,100,100,100,0,"2007 _ Pennsylvania"
"Pennsylvania","Acer rubrum","Herbarium","Open flowers",2008,108,108,108,0,"2008 _ Pennsylvania"
"Pennsylvania","Acer rubrum","Herbarium","Open flowers",2009,81,149,115,68,"2009 _ Pennsylvania"
"Pennsylvania","Acer rubrum","Herbarium","Open flowers",2010,106,106,106,0,"2010 _ Pennsylvania"
"Pennsylvania","Acer rubrum","Herbarium","Open flowers",2017,120,120,120,0,"2017 _ Pennsylvania"
"Pennsylvania","Acer rubrum","Herbarium","Open flowers",2018,110,117,113.5,7,"2018 _ Pennsylvania"
"Pennsylvania","Acer rubrum","USA-NPN","Open flowers",2013,120,120,120,0,"2013 _ Pennsylvania"
"Pennsylvania","Acer rubrum","USA-NPN","Open flowers",2016,89,89,89,0,"2016 _ Pennsylvania"
"Pennsylvania","Acer rubrum","USA-NPN","Open flowers",2017,107,107,107,0,"2017 _ Pennsylvania"
"Pennsylvania","Acer rubrum","USA-NPN","Open flowers",2018,93,93,93,0,"2018 _ Pennsylvania"
"Pennsylvania","Acer rubrum","USA-NPN","Open flowers",2019,89,270,179.5,181,"2019 _ Pennsylvania"
"Pennsylvania","Acer rubrum","USA-NPN","Open flowers",2020,92,92,92,0,"2020 _ Pennsylvania"
"Pennsylvania","Juglans nigra","Herbarium","Open flowers",1934,152,152,152,0,"1934 _ Pennsylvania"
"Pennsylvania","Juglans nigra","Herbarium","Open flowers",1993,147,150,148.5,3,"1993 _ Pennsylvania"
"Pennsylvania","Juglans nigra","Herbarium","Open flowers",1996,162,162,162,0,"1996 _ Pennsylvania"
"Pennsylvania","Juglans nigra","Herbarium","Open flowers",1997,162,162,162,0,"1997 _ Pennsylvania"
"Pennsylvania","Juglans nigra","Herbarium","Open flowers",2002,138,138,138,0,"2002 _ Pennsylvania"
"Pennsylvania","Juglans nigra","Herbarium","Open flowers",2006,146,146,146,0,"2006 _ Pennsylvania"
"Pennsylvania","Juglans nigra","Herbarium","Open flowers",2010,141,141,141,0,"2010 _ Pennsylvania"
"Pennsylvania","Juglans nigra","Herbarium","Open flowers",2013,141,141,141,0,"2013 _ Pennsylvania"
"Pennsylvania","Juglans nigra","Herbarium","Open flowers",2019,118,118,118,0,"2019 _ Pennsylvania"
"Pennsylvania","Juglans nigra","USA-NPN","Open flowers",2017,137,137,137,0,"2017 _ Pennsylvania"
"Pennsylvania","Juglans nigra","USA-NPN","Open flowers",2018,132,134,133,2,"2018 _ Pennsylvania"
"Pennsylvania","Rubus laciniatus","Herbarium","Open flowers",1963,169,169,169,0,"1963 _ Pennsylvania"
"Pennsylvania","Rubus laciniatus","Herbarium","Open flowers",1964,170,170,170,0,"1964 _ Pennsylvania"
"Pennsylvania","Rubus laciniatus","Herbarium","Open flowers",1966,174,174,174,0,"1966 _ Pennsylvania"
"Pennsylvania","Rubus laciniatus","Herbarium","Open flowers",1971,173,173,173,0,"1971 _ Pennsylvania"
"Pennsylvania","Rubus laciniatus","Herbarium","Open flowers",1973,178,178,178,0,"1973 _ Pennsylvania"
"Pennsylvania","Rubus laciniatus","Herbarium","Open flowers",1974,169,199,184,30,"1974 _ Pennsylvania"
"Pennsylvania","Rubus laciniatus","Herbarium","Open flowers",1976,169,169,169,0,"1976 _ Pennsylvania"
"Pennsylvania","Rubus laciniatus","Herbarium","Open flowers",1992,170,170,170,0,"1992 _ Pennsylvania"
"Pennsylvania","Rubus laciniatus","Herbarium","Open flowers",1997,259,259,259,0,"1997 _ Pennsylvania"
"Pennsylvania","Rubus laciniatus","Herbarium","Open flowers",2019,184,184,184,0,"2019 _ Pennsylvania"
"Rhode Island","Acer rubrum","Herbarium","Open flowers",1911,140,140,140,0,"1911 _ Rhode Island"
"Rhode Island","Juglans nigra","Herbarium","Open flowers",1916,149,149,149,0,"1916 _ Rhode Island"
"South Carolina","Acer rubrum","Herbarium","Open flowers",1952,71,71,71,0,"1952 _ South Carolina"
"South Carolina","Acer rubrum","Herbarium","Open flowers",1953,176,176,176,0,"1953 _ South Carolina"
"South Carolina","Acer rubrum","Herbarium","Open flowers",2000,72,195,133.5,123,"2000 _ South Carolina"
"South Carolina","Acer rubrum","Herbarium","Open flowers",2001,52,100,76,48,"2001 _ South Carolina"
"South Carolina","Acer rubrum","Herbarium","Open flowers",2004,86,86,86,0,"2004 _ South Carolina"
"South Carolina","Acer rubrum","Herbarium","Open flowers",2005,224,224,224,0,"2005 _ South Carolina"
"South Carolina","Acer rubrum","Herbarium","Open flowers",2014,102,102,102,0,"2014 _ South Carolina"
"South Carolina","Ilex decidua","Herbarium","Open flowers",1953,131,161,146,30,"1953 _ South Carolina"
"South Carolina","Ilex decidua","Herbarium","Open flowers",1967,106,106,106,0,"1967 _ South Carolina"
"South Carolina","Ilex decidua","Herbarium","Open flowers",1999,107,295,201,188,"1999 _ South Carolina"
"South Carolina","Ilex decidua","Herbarium","Open flowers",2000,111,285,198,174,"2000 _ South Carolina"
"South Carolina","Ilex decidua","Herbarium","Open flowers",2001,81,81,81,0,"2001 _ South Carolina"
"South Carolina","Ilex decidua","Herbarium","Open flowers",2002,285,285,285,0,"2002 _ South Carolina"
"South Carolina","Ilex decidua","Herbarium","Open flowers",2005,119,119,119,0,"2005 _ South Carolina"
"South Carolina","Ilex decidua","Herbarium","Open flowers",2006,260,260,260,0,"2006 _ South Carolina"
"South Carolina","Ilex decidua","Herbarium","Open flowers",2012,167,167,167,0,"2012 _ South Carolina"
"South Carolina","Ilex decidua","Herbarium","Open flowers",2016,110,120,115,10,"2016 _ South Carolina"
"South Carolina","Juglans nigra","Herbarium","Open flowers",1997,152,152,152,0,"1997 _ South Carolina"
"South Carolina","Juglans nigra","Herbarium","Open flowers",2012,116,116,116,0,"2012 _ South Carolina"
"South Carolina","Juglans nigra","Herbarium","Open flowers",2014,104,104,104,0,"2014 _ South Carolina"
"Tennessee","Acer rubrum","Herbarium","Open flowers",1973,60,60,60,0,"1973 _ Tennessee"
"Tennessee","Acer rubrum","NEON","Open flowers",2016,82,82,82,0,"2016 _ Tennessee"
"Tennessee","Acer rubrum","NEON","Open flowers",2019,80,94,87,14,"2019 _ Tennessee"
"Tennessee","Acer rubrum","NEON","Open flowers",2020,72,79,75.5,7,"2020 _ Tennessee"
"Tennessee","Acer rubrum","NEON","Open flowers",2021,70,88,79,18,"2021 _ Tennessee"
"Tennessee","Acer rubrum","USA-NPN","Open flowers",2011,64,97,80.5,33,"2011 _ Tennessee"
"Tennessee","Acer rubrum","USA-NPN","Open flowers",2012,69,74,71.5,5,"2012 _ Tennessee"
"Tennessee","Acer rubrum","USA-NPN","Open flowers",2016,37,91,64,54,"2016 _ Tennessee"
"Tennessee","Acer rubrum","USA-NPN","Open flowers",2017,67,91,79,24,"2017 _ Tennessee"
"Tennessee","Acer rubrum","USA-NPN","Open flowers",2018,96,96,96,0,"2018 _ Tennessee"
"Tennessee","Acer rubrum","USA-NPN","Open flowers",2019,73,86,79.5,13,"2019 _ Tennessee"
"Tennessee","Acer rubrum","USA-NPN","Open flowers",2020,210,210,210,0,"2020 _ Tennessee"
"Tennessee","Acer rubrum","USA-NPN","Open flowers",2021,63,81,72,18,"2021 _ Tennessee"
"Tennessee","Juglans nigra","USA-NPN","Open flowers",2015,136,136,136,0,"2015 _ Tennessee"
"Tennessee","Juglans nigra","USA-NPN","Open flowers",2016,114,114,114,0,"2016 _ Tennessee"
"Tennessee","Juglans nigra","USA-NPN","Open flowers",2020,128,128,128,0,"2020 _ Tennessee"
"Texas","Ilex decidua","USA-NPN","Open flowers",2019,85,85,85,0,"2019 _ Texas"
"Texas","Ilex decidua","USA-NPN","Open flowers",2021,308,308,308,0,"2021 _ Texas"
"Utah","Acer rubrum","USA-NPN","Open flowers",2019,115,115,115,0,"2019 _ Utah"
"Vermont","Acer rubrum","USA-NPN","Open flowers",2015,109,111,110,2,"2015 _ Vermont"
"Vermont","Acer rubrum","USA-NPN","Open flowers",2017,104,104,104,0,"2017 _ Vermont"
"Vermont","Acer rubrum","USA-NPN","Open flowers",2021,103,103,103,0,"2021 _ Vermont"
"Virginia","Acer rubrum","Herbarium","Open flowers",2006,66,66,66,0,"2006 _ Virginia"
"Virginia","Acer rubrum","Herbarium","Open flowers",2017,92,92,92,0,"2017 _ Virginia"
"Virginia","Acer rubrum","Herbarium","Open flowers",2018,63,63,63,0,"2018 _ Virginia"
"Virginia","Acer rubrum","NEON","Open flowers",2019,112,112,112,0,"2019 _ Virginia"
"Virginia","Acer rubrum","NEON","Open flowers",2021,89,119,104,30,"2021 _ Virginia"
"Virginia","Acer rubrum","USA-NPN","Open flowers",2013,78,113,95.5,35,"2013 _ Virginia"
"Virginia","Acer rubrum","USA-NPN","Open flowers",2014,59,98,78.5,39,"2014 _ Virginia"
"Virginia","Acer rubrum","USA-NPN","Open flowers",2015,80,93,86.5,13,"2015 _ Virginia"
"Virginia","Acer rubrum","USA-NPN","Open flowers",2016,69,92,80.5,23,"2016 _ Virginia"
"Virginia","Acer rubrum","USA-NPN","Open flowers",2017,52,116,84,64,"2017 _ Virginia"
"Virginia","Acer rubrum","USA-NPN","Open flowers",2018,74,109,91.5,35,"2018 _ Virginia"
"Virginia","Acer rubrum","USA-NPN","Open flowers",2019,38,120,79,82,"2019 _ Virginia"
"Virginia","Acer rubrum","USA-NPN","Open flowers",2020,59,82,70.5,23,"2020 _ Virginia"
"Virginia","Acer rubrum","USA-NPN","Open flowers",2021,62,97,79.5,35,"2021 _ Virginia"
"Virginia","Ilex decidua","Herbarium","Open flowers",1998,140,140,140,0,"1998 _ Virginia"
"Virginia","Juglans nigra","Herbarium","Open flowers",2017,122,122,122,0,"2017 _ Virginia"
"Virginia","Juglans nigra","NEON","Open flowers",2016,144,144,144,0,"2016 _ Virginia"
"Virginia","Juglans nigra","NEON","Open flowers",2019,126,143,134.5,17,"2019 _ Virginia"
"Virginia","Juglans nigra","NEON","Open flowers",2021,130,144,137,14,"2021 _ Virginia"
"Washington","Juglans nigra","USA-NPN","Open flowers",2021,133,133,133,0,"2021 _ Washington"
"Washington","Rubus laciniatus","Herbarium","Open flowers",1912,275,275,275,0,"1912 _ Washington"
"Washington","Rubus laciniatus","Herbarium","Open flowers",1915,241,241,241,0,"1915 _ Washington"
"Washington","Rubus laciniatus","Herbarium","Open flowers",2007,211,224,217.5,13,"2007 _ Washington"
"Washington","Rubus laciniatus","NEON","Open flowers",2021,195,208,201.5,13,"2021 _ Washington"
"Washington","Rubus spectabilis","Herbarium","Open flowers",1911,192,192,192,0,"1911 _ Washington"
"Washington","Rubus spectabilis","Herbarium","Open flowers",1977,158,158,158,0,"1977 _ Washington"
"Washington","Rubus spectabilis","NEON","Open flowers",2021,145,154,149.5,9,"2021 _ Washington"
"Washington","Rubus spectabilis","USA-NPN","Open flowers",2015,106,106,106,0,"2015 _ Washington"
"Washington","Rubus spectabilis","USA-NPN","Open flowers",2016,112,112,112,0,"2016 _ Washington"
"Washington","Rubus spectabilis","USA-NPN","Open flowers",2017,79,140,109.5,61,"2017 _ Washington"
"Washington","Rubus spectabilis","USA-NPN","Open flowers",2019,130,130,130,0,"2019 _ Washington"
"Washington","Rubus spectabilis","USA-NPN","Open flowers",2021,94,106,100,12,"2021 _ Washington"
"West Virginia","Acer rubrum","Herbarium","Open flowers",1994,105,105,105,0,"1994 _ West Virginia"
"West Virginia","Acer rubrum","USA-NPN","Open flowers",2016,93,93,93,0,"2016 _ West Virginia"
"West Virginia","Acer rubrum","USA-NPN","Open flowers",2019,94,94,94,0,"2019 _ West Virginia"
"West Virginia","Acer rubrum","USA-NPN","Open flowers",2021,80,292,186,212,"2021 _ West Virginia"
"West Virginia","Rubus laciniatus","Herbarium","Open flowers",1955,248,248,248,0,"1955 _ West Virginia"
"Wisconsin","Acer rubrum","Herbarium","Open flowers",1958,135,135,135,0,"1958 _ Wisconsin"
"Wisconsin","Acer rubrum","Herbarium","Open flowers",2015,101,101,101,0,"2015 _ Wisconsin"
"Wisconsin","Acer rubrum","NEON","Open flowers",2016,112,119,115.5,7,"2016 _ Wisconsin"
"Wisconsin","Acer rubrum","NEON","Open flowers",2017,102,229,165.5,127,"2017 _ Wisconsin"
"Wisconsin","Acer rubrum","NEON","Open flowers",2021,97,151,124,54,"2021 _ Wisconsin"
"Wisconsin","Juglans nigra","Herbarium","Open flowers",1979,149,149,149,0,"1979 _ Wisconsin"
"Wyoming","Rubus laciniatus","Herbarium","Open flowers",2002,222,222,222,0,"2002 _ Wyoming"
NA,"Acer platanoides","iDigBio","Open flowers",1901,127,127,127,0,"1901 _ NA"
NA,"Acer platanoides","iDigBio","Open flowers",1902,117,117,117,0,"1902 _ NA"
NA,"Acer platanoides","iDigBio","Open flowers",1905,112,129,120.5,17,"1905 _ NA"
NA,"Acer platanoides","iDigBio","Open flowers",1906,132,132,132,0,"1906 _ NA"
NA,"Acer platanoides","iDigBio","Open flowers",1907,278,278,278,0,"1907 _ NA"
NA,"Acer platanoides","iDigBio","Open flowers",1912,64,64,64,0,"1912 _ NA"
NA,"Acer platanoides","iDigBio","Open flowers",1913,123,123,123,0,"1913 _ NA"
NA,"Acer platanoides","iDigBio","Open flowers",1915,147,147,147,0,"1915 _ NA"
NA,"Acer platanoides","iDigBio","Open flowers",1916,298,298,298,0,"1916 _ NA"
NA,"Acer platanoides","iDigBio","Open flowers",1920,27,27,27,0,"1920 _ NA"
NA,"Acer platanoides","iDigBio","Open flowers",1922,106,179,142.5,73,"1922 _ NA"
NA,"Acer platanoides","iDigBio","Open flowers",1925,124,124,124,0,"1925 _ NA"
NA,"Acer platanoides","iDigBio","Open flowers",1926,121,121,121,0,"1926 _ NA"
NA,"Acer platanoides","iDigBio","Open flowers",1929,95,95,95,0,"1929 _ NA"
NA,"Acer platanoides","iDigBio","Open flowers",1930,115,115,115,0,"1930 _ NA"
NA,"Acer platanoides","iDigBio","Open flowers",1931,110,112,111,2,"1931 _ NA"
NA,"Acer platanoides","iDigBio","Open flowers",1933,127,139,133,12,"1933 _ NA"
NA,"Acer platanoides","iDigBio","Open flowers",1934,116,121,118.5,5,"1934 _ NA"
NA,"Acer platanoides","iDigBio","Open flowers",1936,117,119,118,2,"1936 _ NA"
NA,"Acer platanoides","iDigBio","Open flowers",1937,85,85,85,0,"1937 _ NA"
NA,"Acer platanoides","iDigBio","Open flowers",1938,153,153,153,0,"1938 _ NA"
NA,"Acer platanoides","iDigBio","Open flowers",1939,124,133,128.5,9,"1939 _ NA"
NA,"Acer platanoides","iDigBio","Open flowers",1940,92,158,125,66,"1940 _ NA"
NA,"Acer platanoides","iDigBio","Open flowers",1941,117,117,117,0,"1941 _ NA"
NA,"Acer platanoides","iDigBio","Open flowers",1942,109,109,109,0,"1942 _ NA"
NA,"Acer platanoides","iDigBio","Open flowers",1943,122,122,122,0,"1943 _ NA"
NA,"Acer platanoides","iDigBio","Open flowers",1946,112,112,112,0,"1946 _ NA"
NA,"Acer platanoides","iDigBio","Open flowers",1947,143,145,144,2,"1947 _ NA"
NA,"Acer platanoides","iDigBio","Open flowers",1948,95,95,95,0,"1948 _ NA"
NA,"Acer platanoides","iDigBio","Open flowers",1950,111,143,127,32,"1950 _ NA"
NA,"Acer platanoides","iDigBio","Open flowers",1951,111,111,111,0,"1951 _ NA"
NA,"Acer platanoides","iDigBio","Open flowers",1952,96,109,102.5,13,"1952 _ NA"
NA,"Acer platanoides","iDigBio","Open flowers",1955,105,119,112,14,"1955 _ NA"
NA,"Acer platanoides","iDigBio","Open flowers",1956,133,133,133,0,"1956 _ NA"
NA,"Acer platanoides","iDigBio","Open flowers",1957,104,262,183,158,"1957 _ NA"
NA,"Acer platanoides","iDigBio","Open flowers",1958,109,137,123,28,"1958 _ NA"
NA,"Acer platanoides","iDigBio","Open flowers",1962,118,122,120,4,"1962 _ NA"
NA,"Acer platanoides","iDigBio","Open flowers",1963,100,100,100,0,"1963 _ NA"
NA,"Acer platanoides","iDigBio","Open flowers",1964,118,129,123.5,11,"1964 _ NA"
NA,"Acer platanoides","iDigBio","Open flowers",1965,123,123,123,0,"1965 _ NA"
NA,"Acer platanoides","iDigBio","Open flowers",1966,110,129,119.5,19,"1966 _ NA"
NA,"Acer platanoides","iDigBio","Open flowers",1967,81,111,96,30,"1967 _ NA"
NA,"Acer platanoides","iDigBio","Open flowers",1968,107,136,121.5,29,"1968 _ NA"
NA,"Acer platanoides","iDigBio","Open flowers",1969,112,205,158.5,93,"1969 _ NA"
NA,"Acer platanoides","iDigBio","Open flowers",1970,99,121,110,22,"1970 _ NA"
NA,"Acer platanoides","iDigBio","Open flowers",1971,135,135,135,0,"1971 _ NA"
NA,"Acer platanoides","iDigBio","Open flowers",1972,111,119,115,8,"1972 _ NA"
NA,"Acer platanoides","iDigBio","Open flowers",1973,122,122,122,0,"1973 _ NA"
NA,"Acer platanoides","iDigBio","Open flowers",1974,95,112,103.5,17,"1974 _ NA"
NA,"Acer platanoides","iDigBio","Open flowers",1975,61,144,102.5,83,"1975 _ NA"
NA,"Acer platanoides","iDigBio","Open flowers",1976,101,101,101,0,"1976 _ NA"
NA,"Acer platanoides","iDigBio","Open flowers",1977,89,108,98.5,19,"1977 _ NA"
NA,"Acer platanoides","iDigBio","Open flowers",1978,99,144,121.5,45,"1978 _ NA"
NA,"Acer platanoides","iDigBio","Open flowers",1979,101,101,101,0,"1979 _ NA"
NA,"Acer platanoides","iDigBio","Open flowers",1980,109,141,125,32,"1980 _ NA"
NA,"Acer platanoides","iDigBio","Open flowers",1981,106,117,111.5,11,"1981 _ NA"
NA,"Acer platanoides","iDigBio","Open flowers",1982,109,113,111,4,"1982 _ NA"
NA,"Acer platanoides","iDigBio","Open flowers",1983,108,123,115.5,15,"1983 _ NA"
NA,"Acer platanoides","iDigBio","Open flowers",1984,87,121,104,34,"1984 _ NA"
NA,"Acer platanoides","iDigBio","Open flowers",1985,101,115,108,14,"1985 _ NA"
NA,"Acer platanoides","iDigBio","Open flowers",1986,110,110,110,0,"1986 _ NA"
NA,"Acer platanoides","iDigBio","Open flowers",1988,108,108,108,0,"1988 _ NA"
NA,"Acer platanoides","iDigBio","Open flowers",1989,104,109,106.5,5,"1989 _ NA"
NA,"Acer platanoides","iDigBio","Open flowers",1992,101,126,113.5,25,"1992 _ NA"
NA,"Acer platanoides","iDigBio","Open flowers",1993,117,119,118,2,"1993 _ NA"
NA,"Acer platanoides","iDigBio","Open flowers",1994,84,116,100,32,"1994 _ NA"
NA,"Acer platanoides","iDigBio","Open flowers",1995,85,85,85,0,"1995 _ NA"
NA,"Acer platanoides","iDigBio","Open flowers",1996,115,115,115,0,"1996 _ NA"
NA,"Acer platanoides","iDigBio","Open flowers",1997,101,101,101,0,"1997 _ NA"
NA,"Acer platanoides","iDigBio","Open flowers",1998,120,120,120,0,"1998 _ NA"
NA,"Acer platanoides","iDigBio","Open flowers",1999,98,113,105.5,15,"1999 _ NA"
NA,"Acer platanoides","iDigBio","Open flowers",2000,119,119,119,0,"2000 _ NA"
NA,"Acer platanoides","iDigBio","Open flowers",2001,181,181,181,0,"2001 _ NA"
NA,"Acer platanoides","iDigBio","Open flowers",2002,108,108,108,0,"2002 _ NA"
NA,"Acer platanoides","iDigBio","Open flowers",2003,103,132,117.5,29,"2003 _ NA"
NA,"Acer platanoides","iDigBio","Open flowers",2004,98,123,110.5,25,"2004 _ NA"
NA,"Acer platanoides","iDigBio","Open flowers",2006,110,112,111,2,"2006 _ NA"
NA,"Acer platanoides","iDigBio","Open flowers",2008,103,123,113,20,"2008 _ NA"
NA,"Acer platanoides","iDigBio","Open flowers",2009,114,114,114,0,"2009 _ NA"
NA,"Acer platanoides","iDigBio","Open flowers",2010,97,97,97,0,"2010 _ NA"
NA,"Acer platanoides","iDigBio","Open flowers",2011,110,110,110,0,"2011 _ NA"
NA,"Acer platanoides","iDigBio","Open flowers",2012,105,105,105,0,"2012 _ NA"
NA,"Acer platanoides","iDigBio","Open flowers",2013,119,119,119,0,"2013 _ NA"
NA,"Acer platanoides","iDigBio","Open flowers",2014,108,108,108,0,"2014 _ NA"
NA,"Acer platanoides","iDigBio","Open flowers",2015,124,124,124,0,"2015 _ NA"
NA,"Acer platanoides","iDigBio","Open flowers",2016,104,112,108,8,"2016 _ NA"
NA,"Acer platanoides","iDigBio","Open flowers",2017,95,117,106,22,"2017 _ NA"
NA,"Acer platanoides","iDigBio","Open flowers",2018,112,125,118.5,13,"2018 _ NA"
NA,"Acer platanoides","iDigBio","Open flowers",2019,113,113,113,0,"2019 _ NA"
NA,"Acer platanoides","iDigBio","Open flowers",2020,96,96,96,0,"2020 _ NA"
NA,"Acer rubrum","iDigBio","Open flowers",1901,26,123,74.5,97,"1901 _ NA"
NA,"Acer rubrum","iDigBio","Open flowers",1902,88,124,106,36,"1902 _ NA"
NA,"Acer rubrum","iDigBio","Open flowers",1903,95,95,95,0,"1903 _ NA"
NA,"Acer rubrum","iDigBio","Open flowers",1904,116,129,122.5,13,"1904 _ NA"
NA,"Acer rubrum","iDigBio","Open flowers",1905,89,283,186,194,"1905 _ NA"
NA,"Acer rubrum","iDigBio","Open flowers",1906,97,147,122,50,"1906 _ NA"
NA,"Acer rubrum","iDigBio","Open flowers",1907,91,121,106,30,"1907 _ NA"
NA,"Acer rubrum","iDigBio","Open flowers",1908,103,103,103,0,"1908 _ NA"
NA,"Acer rubrum","iDigBio","Open flowers",1909,101,129,115,28,"1909 _ NA"
NA,"Acer rubrum","iDigBio","Open flowers",1910,85,85,85,0,"1910 _ NA"
NA,"Acer rubrum","iDigBio","Open flowers",1911,97,97,97,0,"1911 _ NA"
NA,"Acer rubrum","iDigBio","Open flowers",1915,108,116,112,8,"1915 _ NA"
NA,"Acer rubrum","iDigBio","Open flowers",1916,127,128,127.5,1,"1916 _ NA"
NA,"Acer rubrum","iDigBio","Open flowers",1918,84,84,84,0,"1918 _ NA"
NA,"Acer rubrum","iDigBio","Open flowers",1919,89,116,102.5,27,"1919 _ NA"
NA,"Acer rubrum","iDigBio","Open flowers",1920,101,117,109,16,"1920 _ NA"
NA,"Acer rubrum","iDigBio","Open flowers",1921,58,110,84,52,"1921 _ NA"
NA,"Acer rubrum","iDigBio","Open flowers",1922,121,121,121,0,"1922 _ NA"
NA,"Acer rubrum","iDigBio","Open flowers",1924,124,124,124,0,"1924 _ NA"
NA,"Acer rubrum","iDigBio","Open flowers",1926,106,116,111,10,"1926 _ NA"
NA,"Acer rubrum","iDigBio","Open flowers",1927,115,115,115,0,"1927 _ NA"
NA,"Acer rubrum","iDigBio","Open flowers",1928,52,221,136.5,169,"1928 _ NA"
NA,"Acer rubrum","iDigBio","Open flowers",1929,96,96,96,0,"1929 _ NA"
NA,"Acer rubrum","iDigBio","Open flowers",1931,65,110,87.5,45,"1931 _ NA"
NA,"Acer rubrum","iDigBio","Open flowers",1933,88,119,103.5,31,"1933 _ NA"
NA,"Acer rubrum","iDigBio","Open flowers",1934,106,121,113.5,15,"1934 _ NA"
NA,"Acer rubrum","iDigBio","Open flowers",1935,104,112,108,8,"1935 _ NA"
NA,"Acer rubrum","iDigBio","Open flowers",1936,96,99,97.5,3,"1936 _ NA"
NA,"Acer rubrum","iDigBio","Open flowers",1937,25,162,93.5,137,"1937 _ NA"
NA,"Acer rubrum","iDigBio","Open flowers",1938,82,108,95,26,"1938 _ NA"
NA,"Acer rubrum","iDigBio","Open flowers",1939,67,128,97.5,61,"1939 _ NA"
NA,"Acer rubrum","iDigBio","Open flowers",1940,88,167,127.5,79,"1940 _ NA"
NA,"Acer rubrum","iDigBio","Open flowers",1941,96,113,104.5,17,"1941 _ NA"
NA,"Acer rubrum","iDigBio","Open flowers",1942,108,108,108,0,"1942 _ NA"
NA,"Acer rubrum","iDigBio","Open flowers",1943,86,86,86,0,"1943 _ NA"
NA,"Acer rubrum","iDigBio","Open flowers",1945,84,84,84,0,"1945 _ NA"
NA,"Acer rubrum","iDigBio","Open flowers",1946,12,12,12,0,"1946 _ NA"
NA,"Acer rubrum","iDigBio","Open flowers",1947,110,110,110,0,"1947 _ NA"
NA,"Acer rubrum","iDigBio","Open flowers",1948,84,84,84,0,"1948 _ NA"
NA,"Acer rubrum","iDigBio","Open flowers",1949,51,106,78.5,55,"1949 _ NA"
NA,"Acer rubrum","iDigBio","Open flowers",1951,119,119,119,0,"1951 _ NA"
NA,"Acer rubrum","iDigBio","Open flowers",1952,71,102,86.5,31,"1952 _ NA"
NA,"Acer rubrum","iDigBio","Open flowers",1953,124,133,128.5,9,"1953 _ NA"
NA,"Acer rubrum","iDigBio","Open flowers",1954,99,142,120.5,43,"1954 _ NA"
NA,"Acer rubrum","iDigBio","Open flowers",1955,69,162,115.5,93,"1955 _ NA"
NA,"Acer rubrum","iDigBio","Open flowers",1956,50,133,91.5,83,"1956 _ NA"
NA,"Acer rubrum","iDigBio","Open flowers",1957,12,269,140.5,257,"1957 _ NA"
NA,"Acer rubrum","iDigBio","Open flowers",1958,62,136,99,74,"1958 _ NA"
NA,"Acer rubrum","iDigBio","Open flowers",1959,54,95,74.5,41,"1959 _ NA"
NA,"Acer rubrum","iDigBio","Open flowers",1960,97,107,102,10,"1960 _ NA"
NA,"Acer rubrum","iDigBio","Open flowers",1961,112,120,116,8,"1961 _ NA"
NA,"Acer rubrum","iDigBio","Open flowers",1962,41,116,78.5,75,"1962 _ NA"
NA,"Acer rubrum","iDigBio","Open flowers",1963,69,124,96.5,55,"1963 _ NA"
NA,"Acer rubrum","iDigBio","Open flowers",1964,73,103,88,30,"1964 _ NA"
NA,"Acer rubrum","iDigBio","Open flowers",1965,67,116,91.5,49,"1965 _ NA"
NA,"Acer rubrum","iDigBio","Open flowers",1966,66,137,101.5,71,"1966 _ NA"
NA,"Acer rubrum","iDigBio","Open flowers",1967,96,158,127,62,"1967 _ NA"
NA,"Acer rubrum","iDigBio","Open flowers",1968,34,107,70.5,73,"1968 _ NA"
NA,"Acer rubrum","iDigBio","Open flowers",1969,51,112,81.5,61,"1969 _ NA"
NA,"Acer rubrum","iDigBio","Open flowers",1970,70,120,95,50,"1970 _ NA"
NA,"Acer rubrum","iDigBio","Open flowers",1971,38,123,80.5,85,"1971 _ NA"
NA,"Acer rubrum","iDigBio","Open flowers",1972,58,133,95.5,75,"1972 _ NA"
NA,"Acer rubrum","iDigBio","Open flowers",1973,8,112,60,104,"1973 _ NA"
NA,"Acer rubrum","iDigBio","Open flowers",1974,54,285,169.5,231,"1974 _ NA"
NA,"Acer rubrum","iDigBio","Open flowers",1975,32,129,80.5,97,"1975 _ NA"
NA,"Acer rubrum","iDigBio","Open flowers",1976,45,100,72.5,55,"1976 _ NA"
NA,"Acer rubrum","iDigBio","Open flowers",1977,57,122,89.5,65,"1977 _ NA"
NA,"Acer rubrum","iDigBio","Open flowers",1978,72,129,100.5,57,"1978 _ NA"
NA,"Acer rubrum","iDigBio","Open flowers",1979,61,293,177,232,"1979 _ NA"
NA,"Acer rubrum","iDigBio","Open flowers",1980,75,129,102,54,"1980 _ NA"
NA,"Acer rubrum","iDigBio","Open flowers",1981,27,108,67.5,81,"1981 _ NA"
NA,"Acer rubrum","iDigBio","Open flowers",1982,27,122,74.5,95,"1982 _ NA"
NA,"Acer rubrum","iDigBio","Open flowers",1983,92,106,99,14,"1983 _ NA"
NA,"Acer rubrum","iDigBio","Open flowers",1984,91,138,114.5,47,"1984 _ NA"
NA,"Acer rubrum","iDigBio","Open flowers",1985,90,112,101,22,"1985 _ NA"
NA,"Acer rubrum","iDigBio","Open flowers",1986,30,109,69.5,79,"1986 _ NA"
NA,"Acer rubrum","iDigBio","Open flowers",1987,83,124,103.5,41,"1987 _ NA"
NA,"Acer rubrum","iDigBio","Open flowers",1988,65,115,90,50,"1988 _ NA"
NA,"Acer rubrum","iDigBio","Open flowers",1989,62,95,78.5,33,"1989 _ NA"
NA,"Acer rubrum","iDigBio","Open flowers",1990,40,40,40,0,"1990 _ NA"
NA,"Acer rubrum","iDigBio","Open flowers",1991,89,106,97.5,17,"1991 _ NA"
NA,"Acer rubrum","iDigBio","Open flowers",1992,41,110,75.5,69,"1992 _ NA"
NA,"Acer rubrum","iDigBio","Open flowers",1993,87,122,104.5,35,"1993 _ NA"
NA,"Acer rubrum","iDigBio","Open flowers",1994,51,119,85,68,"1994 _ NA"
NA,"Acer rubrum","iDigBio","Open flowers",1995,113,113,113,0,"1995 _ NA"
NA,"Acer rubrum","iDigBio","Open flowers",1996,97,241,169,144,"1996 _ NA"
NA,"Acer rubrum","iDigBio","Open flowers",1997,3,81,42,78,"1997 _ NA"
NA,"Acer rubrum","iDigBio","Open flowers",1998,23,66,44.5,43,"1998 _ NA"
NA,"Acer rubrum","iDigBio","Open flowers",1999,48,95,71.5,47,"1999 _ NA"
NA,"Acer rubrum","iDigBio","Open flowers",2000,62,77,69.5,15,"2000 _ NA"
NA,"Acer rubrum","iDigBio","Open flowers",2001,52,152,102,100,"2001 _ NA"
NA,"Acer rubrum","iDigBio","Open flowers",2002,31,76,53.5,45,"2002 _ NA"
NA,"Acer rubrum","iDigBio","Open flowers",2003,25,61,43,36,"2003 _ NA"
NA,"Acer rubrum","iDigBio","Open flowers",2004,7,116,61.5,109,"2004 _ NA"
NA,"Acer rubrum","iDigBio","Open flowers",2005,21,61,41,40,"2005 _ NA"
NA,"Acer rubrum","iDigBio","Open flowers",2006,21,99,60,78,"2006 _ NA"
NA,"Acer rubrum","iDigBio","Open flowers",2007,12,120,66,108,"2007 _ NA"
NA,"Acer rubrum","iDigBio","Open flowers",2008,48,108,78,60,"2008 _ NA"
NA,"Acer rubrum","iDigBio","Open flowers",2009,62,104,83,42,"2009 _ NA"
NA,"Acer rubrum","iDigBio","Open flowers",2010,59,150,104.5,91,"2010 _ NA"
NA,"Acer rubrum","iDigBio","Open flowers",2011,67,80,73.5,13,"2011 _ NA"
NA,"Acer rubrum","iDigBio","Open flowers",2013,3,124,63.5,121,"2013 _ NA"
NA,"Acer rubrum","iDigBio","Open flowers",2014,68,109,88.5,41,"2014 _ NA"
NA,"Acer rubrum","iDigBio","Open flowers",2015,76,118,97,42,"2015 _ NA"
NA,"Acer rubrum","iDigBio","Open flowers",2016,69,85,77,16,"2016 _ NA"
NA,"Acer rubrum","iDigBio","Open flowers",2017,93,93,93,0,"2017 _ NA"
NA,"Acer rubrum","iDigBio","Open flowers",2018,64,118,91,54,"2018 _ NA"
NA,"Acer rubrum","iDigBio","Open flowers",2019,89,89,89,0,"2019 _ NA"
NA,"Acer rubrum","iDigBio","Open flowers",2020,58,78,68,20,"2020 _ NA"
NA,"Acer rubrum","iDigBio","Open flowers",2022,57,57,57,0,"2022 _ NA"
NA,"Acer rubrum","iDigBio","Open flowers",2023,28,106,67,78,"2023 _ NA"
NA,"Ilex decidua","iDigBio","Open flowers",1901,139,139,139,0,"1901 _ NA"
NA,"Ilex decidua","iDigBio","Open flowers",1913,112,112,112,0,"1913 _ NA"
NA,"Ilex decidua","iDigBio","Open flowers",1919,139,139,139,0,"1919 _ NA"
NA,"Ilex decidua","iDigBio","Open flowers",1926,143,143,143,0,"1926 _ NA"
NA,"Ilex decidua","iDigBio","Open flowers",1928,133,133,133,0,"1928 _ NA"
NA,"Ilex decidua","iDigBio","Open flowers",1929,117,117,117,0,"1929 _ NA"
NA,"Ilex decidua","iDigBio","Open flowers",1931,108,108,108,0,"1931 _ NA"
NA,"Ilex decidua","iDigBio","Open flowers",1933,99,99,99,0,"1933 _ NA"
NA,"Ilex decidua","iDigBio","Open flowers",1937,113,122,117.5,9,"1937 _ NA"
NA,"Ilex decidua","iDigBio","Open flowers",1940,108,108,108,0,"1940 _ NA"
NA,"Ilex decidua","iDigBio","Open flowers",1941,104,104,104,0,"1941 _ NA"
NA,"Ilex decidua","iDigBio","Open flowers",1942,136,136,136,0,"1942 _ NA"
NA,"Ilex decidua","iDigBio","Open flowers",1944,86,121,103.5,35,"1944 _ NA"
NA,"Ilex decidua","iDigBio","Open flowers",1946,98,98,98,0,"1946 _ NA"
NA,"Ilex decidua","iDigBio","Open flowers",1947,112,118,115,6,"1947 _ NA"
NA,"Ilex decidua","iDigBio","Open flowers",1948,99,101,100,2,"1948 _ NA"
NA,"Ilex decidua","iDigBio","Open flowers",1950,106,106,106,0,"1950 _ NA"
NA,"Ilex decidua","iDigBio","Open flowers",1951,109,109,109,0,"1951 _ NA"
NA,"Ilex decidua","iDigBio","Open flowers",1952,118,118,118,0,"1952 _ NA"
NA,"Ilex decidua","iDigBio","Open flowers",1953,104,104,104,0,"1953 _ NA"
NA,"Ilex decidua","iDigBio","Open flowers",1954,113,113,113,0,"1954 _ NA"
NA,"Ilex decidua","iDigBio","Open flowers",1956,74,87,80.5,13,"1956 _ NA"
NA,"Ilex decidua","iDigBio","Open flowers",1957,125,125,125,0,"1957 _ NA"
NA,"Ilex decidua","iDigBio","Open flowers",1958,85,131,108,46,"1958 _ NA"
NA,"Ilex decidua","iDigBio","Open flowers",1959,263,263,263,0,"1959 _ NA"
NA,"Ilex decidua","iDigBio","Open flowers",1962,112,112,112,0,"1962 _ NA"
NA,"Ilex decidua","iDigBio","Open flowers",1964,91,144,117.5,53,"1964 _ NA"
NA,"Ilex decidua","iDigBio","Open flowers",1965,105,123,114,18,"1965 _ NA"
NA,"Ilex decidua","iDigBio","Open flowers",1966,100,103,101.5,3,"1966 _ NA"
NA,"Ilex decidua","iDigBio","Open flowers",1967,94,110,102,16,"1967 _ NA"
NA,"Ilex decidua","iDigBio","Open flowers",1969,103,103,103,0,"1969 _ NA"
NA,"Ilex decidua","iDigBio","Open flowers",1970,82,93,87.5,11,"1970 _ NA"
NA,"Ilex decidua","iDigBio","Open flowers",1972,95,95,95,0,"1972 _ NA"
NA,"Ilex decidua","iDigBio","Open flowers",1973,71,71,71,0,"1973 _ NA"
NA,"Ilex decidua","iDigBio","Open flowers",1975,103,159,131,56,"1975 _ NA"
NA,"Ilex decidua","iDigBio","Open flowers",1976,75,96,85.5,21,"1976 _ NA"
NA,"Ilex decidua","iDigBio","Open flowers",1977,120,120,120,0,"1977 _ NA"
NA,"Ilex decidua","iDigBio","Open flowers",1978,130,130,130,0,"1978 _ NA"
NA,"Ilex decidua","iDigBio","Open flowers",1980,106,135,120.5,29,"1980 _ NA"
NA,"Ilex decidua","iDigBio","Open flowers",1981,84,99,91.5,15,"1981 _ NA"
NA,"Ilex decidua","iDigBio","Open flowers",1982,82,85,83.5,3,"1982 _ NA"
NA,"Ilex decidua","iDigBio","Open flowers",1983,132,132,132,0,"1983 _ NA"
NA,"Ilex decidua","iDigBio","Open flowers",1984,93,114,103.5,21,"1984 _ NA"
NA,"Ilex decidua","iDigBio","Open flowers",1985,96,96,96,0,"1985 _ NA"
NA,"Ilex decidua","iDigBio","Open flowers",1986,79,79,79,0,"1986 _ NA"
NA,"Ilex decidua","iDigBio","Open flowers",1987,108,130,119,22,"1987 _ NA"
NA,"Ilex decidua","iDigBio","Open flowers",1989,98,99,98.5,1,"1989 _ NA"
NA,"Ilex decidua","iDigBio","Open flowers",1991,86,86,86,0,"1991 _ NA"
NA,"Ilex decidua","iDigBio","Open flowers",1992,95,270,182.5,175,"1992 _ NA"
NA,"Ilex decidua","iDigBio","Open flowers",1993,88,131,109.5,43,"1993 _ NA"
NA,"Ilex decidua","iDigBio","Open flowers",1996,79,109,94,30,"1996 _ NA"
NA,"Ilex decidua","iDigBio","Open flowers",1997,106,131,118.5,25,"1997 _ NA"
NA,"Ilex decidua","iDigBio","Open flowers",1998,98,115,106.5,17,"1998 _ NA"
NA,"Ilex decidua","iDigBio","Open flowers",1999,89,128,108.5,39,"1999 _ NA"
NA,"Ilex decidua","iDigBio","Open flowers",2001,106,116,111,10,"2001 _ NA"
NA,"Ilex decidua","iDigBio","Open flowers",2002,102,102,102,0,"2002 _ NA"
NA,"Ilex decidua","iDigBio","Open flowers",2003,95,110,102.5,15,"2003 _ NA"
NA,"Ilex decidua","iDigBio","Open flowers",2004,104,104,104,0,"2004 _ NA"
NA,"Ilex decidua","iDigBio","Open flowers",2005,82,131,106.5,49,"2005 _ NA"
NA,"Ilex decidua","iDigBio","Open flowers",2007,72,111,91.5,39,"2007 _ NA"
NA,"Ilex decidua","iDigBio","Open flowers",2008,102,128,115,26,"2008 _ NA"
NA,"Ilex decidua","iDigBio","Open flowers",2009,80,126,103,46,"2009 _ NA"
NA,"Ilex decidua","iDigBio","Open flowers",2010,111,113,112,2,"2010 _ NA"
NA,"Ilex decidua","iDigBio","Open flowers",2011,84,107,95.5,23,"2011 _ NA"
NA,"Ilex decidua","iDigBio","Open flowers",2013,109,138,123.5,29,"2013 _ NA"
NA,"Ilex decidua","iDigBio","Open flowers",2014,119,119,119,0,"2014 _ NA"
NA,"Ilex decidua","iDigBio","Open flowers",2016,116,144,130,28,"2016 _ NA"
NA,"Ilex decidua","iDigBio","Open flowers",2017,105,109,107,4,"2017 _ NA"
NA,"Ilex decidua","iDigBio","Open flowers",2019,90,90,90,0,"2019 _ NA"
NA,"Ilex decidua","iDigBio","Open flowers",2020,124,124,124,0,"2020 _ NA"
NA,"Ilex decidua","iDigBio","Open flowers",2022,101,101,101,0,"2022 _ NA"
NA,"Juglans nigra","iDigBio","Open flowers",1906,143,143,143,0,"1906 _ NA"
NA,"Juglans nigra","iDigBio","Open flowers",1908,142,142,142,0,"1908 _ NA"
NA,"Juglans nigra","iDigBio","Open flowers",1909,141,141,141,0,"1909 _ NA"
NA,"Juglans nigra","iDigBio","Open flowers",1910,136,159,147.5,23,"1910 _ NA"
NA,"Juglans nigra","iDigBio","Open flowers",1911,144,170,157,26,"1911 _ NA"
NA,"Juglans nigra","iDigBio","Open flowers",1912,136,136,136,0,"1912 _ NA"
NA,"Juglans nigra","iDigBio","Open flowers",1913,111,142,126.5,31,"1913 _ NA"
NA,"Juglans nigra","iDigBio","Open flowers",1914,143,143,143,0,"1914 _ NA"
NA,"Juglans nigra","iDigBio","Open flowers",1915,26,137,81.5,111,"1915 _ NA"
NA,"Juglans nigra","iDigBio","Open flowers",1920,151,151,151,0,"1920 _ NA"
NA,"Juglans nigra","iDigBio","Open flowers",1923,144,162,153,18,"1923 _ NA"
NA,"Juglans nigra","iDigBio","Open flowers",1924,139,151,145,12,"1924 _ NA"
NA,"Juglans nigra","iDigBio","Open flowers",1926,144,149,146.5,5,"1926 _ NA"
NA,"Juglans nigra","iDigBio","Open flowers",1927,103,103,103,0,"1927 _ NA"
NA,"Juglans nigra","iDigBio","Open flowers",1928,148,148,148,0,"1928 _ NA"
NA,"Juglans nigra","iDigBio","Open flowers",1929,131,131,131,0,"1929 _ NA"
NA,"Juglans nigra","iDigBio","Open flowers",1931,134,134,134,0,"1931 _ NA"
NA,"Juglans nigra","iDigBio","Open flowers",1932,153,166,159.5,13,"1932 _ NA"
NA,"Juglans nigra","iDigBio","Open flowers",1933,136,179,157.5,43,"1933 _ NA"
NA,"Juglans nigra","iDigBio","Open flowers",1934,120,155,137.5,35,"1934 _ NA"
NA,"Juglans nigra","iDigBio","Open flowers",1935,139,142,140.5,3,"1935 _ NA"
NA,"Juglans nigra","iDigBio","Open flowers",1936,114,124,119,10,"1936 _ NA"
NA,"Juglans nigra","iDigBio","Open flowers",1937,122,152,137,30,"1937 _ NA"
NA,"Juglans nigra","iDigBio","Open flowers",1938,99,157,128,58,"1938 _ NA"
NA,"Juglans nigra","iDigBio","Open flowers",1939,135,135,135,0,"1939 _ NA"
NA,"Juglans nigra","iDigBio","Open flowers",1940,115,175,145,60,"1940 _ NA"
NA,"Juglans nigra","iDigBio","Open flowers",1942,145,145,145,0,"1942 _ NA"
NA,"Juglans nigra","iDigBio","Open flowers",1944,129,129,129,0,"1944 _ NA"
NA,"Juglans nigra","iDigBio","Open flowers",1946,181,181,181,0,"1946 _ NA"
NA,"Juglans nigra","iDigBio","Open flowers",1948,123,123,123,0,"1948 _ NA"
NA,"Juglans nigra","iDigBio","Open flowers",1951,106,126,116,20,"1951 _ NA"
NA,"Juglans nigra","iDigBio","Open flowers",1952,132,132,132,0,"1952 _ NA"
NA,"Juglans nigra","iDigBio","Open flowers",1953,130,130,130,0,"1953 _ NA"
NA,"Juglans nigra","iDigBio","Open flowers",1955,120,121,120.5,1,"1955 _ NA"
NA,"Juglans nigra","iDigBio","Open flowers",1956,126,126,126,0,"1956 _ NA"
NA,"Juglans nigra","iDigBio","Open flowers",1958,131,132,131.5,1,"1958 _ NA"
NA,"Juglans nigra","iDigBio","Open flowers",1959,152,152,152,0,"1959 _ NA"
NA,"Juglans nigra","iDigBio","Open flowers",1960,132,132,132,0,"1960 _ NA"
NA,"Juglans nigra","iDigBio","Open flowers",1962,117,133,125,16,"1962 _ NA"
NA,"Juglans nigra","iDigBio","Open flowers",1963,129,159,144,30,"1963 _ NA"
NA,"Juglans nigra","iDigBio","Open flowers",1964,115,142,128.5,27,"1964 _ NA"
NA,"Juglans nigra","iDigBio","Open flowers",1965,103,139,121,36,"1965 _ NA"
NA,"Juglans nigra","iDigBio","Open flowers",1966,124,153,138.5,29,"1966 _ NA"
NA,"Juglans nigra","iDigBio","Open flowers",1967,123,238,180.5,115,"1967 _ NA"
NA,"Juglans nigra","iDigBio","Open flowers",1968,114,147,130.5,33,"1968 _ NA"
NA,"Juglans nigra","iDigBio","Open flowers",1969,103,146,124.5,43,"1969 _ NA"
NA,"Juglans nigra","iDigBio","Open flowers",1970,147,147,147,0,"1970 _ NA"
NA,"Juglans nigra","iDigBio","Open flowers",1971,122,187,154.5,65,"1971 _ NA"
NA,"Juglans nigra","iDigBio","Open flowers",1972,99,99,99,0,"1972 _ NA"
NA,"Juglans nigra","iDigBio","Open flowers",1973,79,140,109.5,61,"1973 _ NA"
NA,"Juglans nigra","iDigBio","Open flowers",1975,139,149,144,10,"1975 _ NA"
NA,"Juglans nigra","iDigBio","Open flowers",1976,121,143,132,22,"1976 _ NA"
NA,"Juglans nigra","iDigBio","Open flowers",1977,102,149,125.5,47,"1977 _ NA"
NA,"Juglans nigra","iDigBio","Open flowers",1979,150,178,164,28,"1979 _ NA"
NA,"Juglans nigra","iDigBio","Open flowers",1980,135,147,141,12,"1980 _ NA"
NA,"Juglans nigra","iDigBio","Open flowers",1981,121,125,123,4,"1981 _ NA"
NA,"Juglans nigra","iDigBio","Open flowers",1982,123,123,123,0,"1982 _ NA"
NA,"Juglans nigra","iDigBio","Open flowers",1983,137,137,137,0,"1983 _ NA"
NA,"Juglans nigra","iDigBio","Open flowers",1984,139,175,157,36,"1984 _ NA"
NA,"Juglans nigra","iDigBio","Open flowers",1985,139,139,139,0,"1985 _ NA"
NA,"Juglans nigra","iDigBio","Open flowers",1987,130,130,130,0,"1987 _ NA"
NA,"Juglans nigra","iDigBio","Open flowers",1988,82,164,123,82,"1988 _ NA"
NA,"Juglans nigra","iDigBio","Open flowers",1990,124,145,134.5,21,"1990 _ NA"
NA,"Juglans nigra","iDigBio","Open flowers",1991,154,154,154,0,"1991 _ NA"
NA,"Juglans nigra","iDigBio","Open flowers",1992,140,163,151.5,23,"1992 _ NA"
NA,"Juglans nigra","iDigBio","Open flowers",1993,148,165,156.5,17,"1993 _ NA"
NA,"Juglans nigra","iDigBio","Open flowers",1994,98,149,123.5,51,"1994 _ NA"
NA,"Juglans nigra","iDigBio","Open flowers",1995,107,144,125.5,37,"1995 _ NA"
NA,"Juglans nigra","iDigBio","Open flowers",1996,115,122,118.5,7,"1996 _ NA"
NA,"Juglans nigra","iDigBio","Open flowers",1997,105,163,134,58,"1997 _ NA"
NA,"Juglans nigra","iDigBio","Open flowers",1998,104,143,123.5,39,"1998 _ NA"
NA,"Juglans nigra","iDigBio","Open flowers",2000,93,139,116,46,"2000 _ NA"
NA,"Juglans nigra","iDigBio","Open flowers",2001,96,96,96,0,"2001 _ NA"
NA,"Juglans nigra","iDigBio","Open flowers",2002,139,139,139,0,"2002 _ NA"
NA,"Juglans nigra","iDigBio","Open flowers",2003,142,265,203.5,123,"2003 _ NA"
NA,"Juglans nigra","iDigBio","Open flowers",2004,111,131,121,20,"2004 _ NA"
NA,"Juglans nigra","iDigBio","Open flowers",2005,167,167,167,0,"2005 _ NA"
NA,"Juglans nigra","iDigBio","Open flowers",2006,105,147,126,42,"2006 _ NA"
NA,"Juglans nigra","iDigBio","Open flowers",2007,178,178,178,0,"2007 _ NA"
NA,"Juglans nigra","iDigBio","Open flowers",2008,131,172,151.5,41,"2008 _ NA"
NA,"Juglans nigra","iDigBio","Open flowers",2009,142,154,148,12,"2009 _ NA"
NA,"Juglans nigra","iDigBio","Open flowers",2010,124,181,152.5,57,"2010 _ NA"
NA,"Juglans nigra","iDigBio","Open flowers",2011,91,136,113.5,45,"2011 _ NA"
NA,"Juglans nigra","iDigBio","Open flowers",2012,108,173,140.5,65,"2012 _ NA"
NA,"Juglans nigra","iDigBio","Open flowers",2013,142,142,142,0,"2013 _ NA"
NA,"Juglans nigra","iDigBio","Open flowers",2014,105,148,126.5,43,"2014 _ NA"
NA,"Juglans nigra","iDigBio","Open flowers",2016,95,149,122,54,"2016 _ NA"
NA,"Juglans nigra","iDigBio","Open flowers",2017,123,123,123,0,"2017 _ NA"
NA,"Juglans nigra","iDigBio","Open flowers",2019,119,119,119,0,"2019 _ NA"
NA,"Juglans nigra","iDigBio","Open flowers",2020,139,139,139,0,"2020 _ NA"
NA,"Juglans nigra","iDigBio","Open flowers",2021,79,79,79,0,"2021 _ NA"
NA,"Juglans nigra","iDigBio","Open flowers",2022,146,146,146,0,"2022 _ NA"
NA,"Juglans nigra","iDigBio","Open flowers",2026,129,129,129,0,"2026 _ NA"
NA,"Rubus laciniatus","iDigBio","Open flowers",1909,265,265,265,0,"1909 _ NA"
NA,"Rubus laciniatus","iDigBio","Open flowers",1911,201,201,201,0,"1911 _ NA"
NA,"Rubus laciniatus","iDigBio","Open flowers",1916,278,278,278,0,"1916 _ NA"
NA,"Rubus laciniatus","iDigBio","Open flowers",1918,191,191,191,0,"1918 _ NA"
NA,"Rubus laciniatus","iDigBio","Open flowers",1919,167,167,167,0,"1919 _ NA"
NA,"Rubus laciniatus","iDigBio","Open flowers",1925,212,212,212,0,"1925 _ NA"
NA,"Rubus laciniatus","iDigBio","Open flowers",1926,168,168,168,0,"1926 _ NA"
NA,"Rubus laciniatus","iDigBio","Open flowers",1927,238,238,238,0,"1927 _ NA"
NA,"Rubus laciniatus","iDigBio","Open flowers",1929,182,191,186.5,9,"1929 _ NA"
NA,"Rubus laciniatus","iDigBio","Open flowers",1930,141,141,141,0,"1930 _ NA"
NA,"Rubus laciniatus","iDigBio","Open flowers",1931,188,188,188,0,"1931 _ NA"
NA,"Rubus laciniatus","iDigBio","Open flowers",1932,182,214,198,32,"1932 _ NA"
NA,"Rubus laciniatus","iDigBio","Open flowers",1933,173,194,183.5,21,"1933 _ NA"
NA,"Rubus laciniatus","iDigBio","Open flowers",1936,183,198,190.5,15,"1936 _ NA"
NA,"Rubus laciniatus","iDigBio","Open flowers",1937,171,171,171,0,"1937 _ NA"
NA,"Rubus laciniatus","iDigBio","Open flowers",1938,172,186,179,14,"1938 _ NA"
NA,"Rubus laciniatus","iDigBio","Open flowers",1941,163,188,175.5,25,"1941 _ NA"
NA,"Rubus laciniatus","iDigBio","Open flowers",1944,171,171,171,0,"1944 _ NA"
NA,"Rubus laciniatus","iDigBio","Open flowers",1945,194,194,194,0,"1945 _ NA"
NA,"Rubus laciniatus","iDigBio","Open flowers",1946,238,238,238,0,"1946 _ NA"
NA,"Rubus laciniatus","iDigBio","Open flowers",1947,216,216,216,0,"1947 _ NA"
NA,"Rubus laciniatus","iDigBio","Open flowers",1948,215,237,226,22,"1948 _ NA"
NA,"Rubus laciniatus","iDigBio","Open flowers",1949,222,222,222,0,"1949 _ NA"
NA,"Rubus laciniatus","iDigBio","Open flowers",1950,174,174,174,0,"1950 _ NA"
NA,"Rubus laciniatus","iDigBio","Open flowers",1951,136,156,146,20,"1951 _ NA"
NA,"Rubus laciniatus","iDigBio","Open flowers",1954,210,210,210,0,"1954 _ NA"
NA,"Rubus laciniatus","iDigBio","Open flowers",1955,181,181,181,0,"1955 _ NA"
NA,"Rubus laciniatus","iDigBio","Open flowers",1956,207,207,207,0,"1956 _ NA"
NA,"Rubus laciniatus","iDigBio","Open flowers",1958,182,182,182,0,"1958 _ NA"
NA,"Rubus laciniatus","iDigBio","Open flowers",1960,158,158,158,0,"1960 _ NA"
NA,"Rubus laciniatus","iDigBio","Open flowers",1962,199,199,199,0,"1962 _ NA"
NA,"Rubus laciniatus","iDigBio","Open flowers",1963,169,169,169,0,"1963 _ NA"
NA,"Rubus laciniatus","iDigBio","Open flowers",1964,163,185,174,22,"1964 _ NA"
NA,"Rubus laciniatus","iDigBio","Open flowers",1965,201,220,210.5,19,"1965 _ NA"
NA,"Rubus laciniatus","iDigBio","Open flowers",1966,174,174,174,0,"1966 _ NA"
NA,"Rubus laciniatus","iDigBio","Open flowers",1967,222,222,222,0,"1967 _ NA"
NA,"Rubus laciniatus","iDigBio","Open flowers",1968,195,195,195,0,"1968 _ NA"
NA,"Rubus laciniatus","iDigBio","Open flowers",1970,144,167,155.5,23,"1970 _ NA"
NA,"Rubus laciniatus","iDigBio","Open flowers",1971,173,185,179,12,"1971 _ NA"
NA,"Rubus laciniatus","iDigBio","Open flowers",1973,178,200,189,22,"1973 _ NA"
NA,"Rubus laciniatus","iDigBio","Open flowers",1974,169,201,185,32,"1974 _ NA"
NA,"Rubus laciniatus","iDigBio","Open flowers",1975,187,187,187,0,"1975 _ NA"
NA,"Rubus laciniatus","iDigBio","Open flowers",1976,155,169,162,14,"1976 _ NA"
NA,"Rubus laciniatus","iDigBio","Open flowers",1977,158,202,180,44,"1977 _ NA"
NA,"Rubus laciniatus","iDigBio","Open flowers",1980,206,206,206,0,"1980 _ NA"
NA,"Rubus laciniatus","iDigBio","Open flowers",1982,217,217,217,0,"1982 _ NA"
NA,"Rubus laciniatus","iDigBio","Open flowers",1983,155,215,185,60,"1983 _ NA"
NA,"Rubus laciniatus","iDigBio","Open flowers",1984,162,181,171.5,19,"1984 _ NA"
NA,"Rubus laciniatus","iDigBio","Open flowers",1985,162,162,162,0,"1985 _ NA"
NA,"Rubus laciniatus","iDigBio","Open flowers",1987,141,181,161,40,"1987 _ NA"
NA,"Rubus laciniatus","iDigBio","Open flowers",1988,177,181,179,4,"1988 _ NA"
NA,"Rubus laciniatus","iDigBio","Open flowers",1990,182,182,182,0,"1990 _ NA"
NA,"Rubus laciniatus","iDigBio","Open flowers",1992,170,173,171.5,3,"1992 _ NA"
NA,"Rubus laciniatus","iDigBio","Open flowers",1993,159,167,163,8,"1993 _ NA"
NA,"Rubus laciniatus","iDigBio","Open flowers",1994,181,181,181,0,"1994 _ NA"
NA,"Rubus laciniatus","iDigBio","Open flowers",1995,166,186,176,20,"1995 _ NA"
NA,"Rubus laciniatus","iDigBio","Open flowers",1996,213,213,213,0,"1996 _ NA"
NA,"Rubus laciniatus","iDigBio","Open flowers",1997,162,184,173,22,"1997 _ NA"
NA,"Rubus laciniatus","iDigBio","Open flowers",1998,196,196,196,0,"1998 _ NA"
NA,"Rubus laciniatus","iDigBio","Open flowers",2000,189,193,191,4,"2000 _ NA"
NA,"Rubus laciniatus","iDigBio","Open flowers",2002,167,167,167,0,"2002 _ NA"
NA,"Rubus laciniatus","iDigBio","Open flowers",2004,125,125,125,0,"2004 _ NA"
NA,"Rubus laciniatus","iDigBio","Open flowers",2006,181,207,194,26,"2006 _ NA"
NA,"Rubus laciniatus","iDigBio","Open flowers",2007,212,220,216,8,"2007 _ NA"
NA,"Rubus laciniatus","iDigBio","Open flowers",2009,162,208,185,46,"2009 _ NA"
NA,"Rubus laciniatus","iDigBio","Open flowers",2010,224,224,224,0,"2010 _ NA"
NA,"Rubus laciniatus","iDigBio","Open flowers",2013,207,207,207,0,"2013 _ NA"
NA,"Rubus laciniatus","iDigBio","Open flowers",2014,163,215,189,52,"2014 _ NA"
NA,"Rubus laciniatus","iDigBio","Open flowers",2016,165,210,187.5,45,"2016 _ NA"
NA,"Rubus laciniatus","iDigBio","Open flowers",2017,146,154,150,8,"2017 _ NA"
NA,"Rubus laciniatus","iDigBio","Open flowers",2018,160,160,160,0,"2018 _ NA"
NA,"Rubus laciniatus","iDigBio","Open flowers",2019,185,185,185,0,"2019 _ NA"
NA,"Rubus laciniatus","iDigBio","Open flowers",2020,178,178,178,0,"2020 _ NA"
NA,"Rubus spectabilis","iDigBio","Open flowers",1902,89,89,89,0,"1902 _ NA"
NA,"Rubus spectabilis","iDigBio","Open flowers",1903,95,95,95,0,"1903 _ NA"
NA,"Rubus spectabilis","iDigBio","Open flowers",1905,44,230,137,186,"1905 _ NA"
NA,"Rubus spectabilis","iDigBio","Open flowers",1909,141,141,141,0,"1909 _ NA"
NA,"Rubus spectabilis","iDigBio","Open flowers",1911,196,196,196,0,"1911 _ NA"
NA,"Rubus spectabilis","iDigBio","Open flowers",1912,125,151,138,26,"1912 _ NA"
NA,"Rubus spectabilis","iDigBio","Open flowers",1916,99,235,167,136,"1916 _ NA"
NA,"Rubus spectabilis","iDigBio","Open flowers",1917,158,158,158,0,"1917 _ NA"
NA,"Rubus spectabilis","iDigBio","Open flowers",1919,96,196,146,100,"1919 _ NA"
NA,"Rubus spectabilis","iDigBio","Open flowers",1921,92,92,92,0,"1921 _ NA"
NA,"Rubus spectabilis","iDigBio","Open flowers",1922,180,180,180,0,"1922 _ NA"
NA,"Rubus spectabilis","iDigBio","Open flowers",1924,117,117,117,0,"1924 _ NA"
NA,"Rubus spectabilis","iDigBio","Open flowers",1925,213,213,213,0,"1925 _ NA"
NA,"Rubus spectabilis","iDigBio","Open flowers",1926,53,178,115.5,125,"1926 _ NA"
NA,"Rubus spectabilis","iDigBio","Open flowers",1927,110,208,159,98,"1927 _ NA"
NA,"Rubus spectabilis","iDigBio","Open flowers",1928,78,200,139,122,"1928 _ NA"
NA,"Rubus spectabilis","iDigBio","Open flowers",1929,83,132,107.5,49,"1929 _ NA"
NA,"Rubus spectabilis","iDigBio","Open flowers",1930,62,207,134.5,145,"1930 _ NA"
NA,"Rubus spectabilis","iDigBio","Open flowers",1931,91,159,125,68,"1931 _ NA"
NA,"Rubus spectabilis","iDigBio","Open flowers",1932,93,199,146,106,"1932 _ NA"
NA,"Rubus spectabilis","iDigBio","Open flowers",1933,101,220,160.5,119,"1933 _ NA"
NA,"Rubus spectabilis","iDigBio","Open flowers",1934,49,99,74,50,"1934 _ NA"
NA,"Rubus spectabilis","iDigBio","Open flowers",1935,85,169,127,84,"1935 _ NA"
NA,"Rubus spectabilis","iDigBio","Open flowers",1936,82,157,119.5,75,"1936 _ NA"
NA,"Rubus spectabilis","iDigBio","Open flowers",1937,136,233,184.5,97,"1937 _ NA"
NA,"Rubus spectabilis","iDigBio","Open flowers",1938,76,171,123.5,95,"1938 _ NA"
NA,"Rubus spectabilis","iDigBio","Open flowers",1939,86,151,118.5,65,"1939 _ NA"
NA,"Rubus spectabilis","iDigBio","Open flowers",1940,110,146,128,36,"1940 _ NA"
NA,"Rubus spectabilis","iDigBio","Open flowers",1941,109,165,137,56,"1941 _ NA"
NA,"Rubus spectabilis","iDigBio","Open flowers",1942,179,179,179,0,"1942 _ NA"
NA,"Rubus spectabilis","iDigBio","Open flowers",1943,221,221,221,0,"1943 _ NA"
NA,"Rubus spectabilis","iDigBio","Open flowers",1947,114,171,142.5,57,"1947 _ NA"
NA,"Rubus spectabilis","iDigBio","Open flowers",1948,106,200,153,94,"1948 _ NA"
NA,"Rubus spectabilis","iDigBio","Open flowers",1949,131,131,131,0,"1949 _ NA"
NA,"Rubus spectabilis","iDigBio","Open flowers",1950,85,225,155,140,"1950 _ NA"
NA,"Rubus spectabilis","iDigBio","Open flowers",1951,172,172,172,0,"1951 _ NA"
NA,"Rubus spectabilis","iDigBio","Open flowers",1952,111,114,112.5,3,"1952 _ NA"
NA,"Rubus spectabilis","iDigBio","Open flowers",1953,182,182,182,0,"1953 _ NA"
NA,"Rubus spectabilis","iDigBio","Open flowers",1954,100,170,135,70,"1954 _ NA"
NA,"Rubus spectabilis","iDigBio","Open flowers",1955,135,135,135,0,"1955 _ NA"
NA,"Rubus spectabilis","iDigBio","Open flowers",1957,96,119,107.5,23,"1957 _ NA"
NA,"Rubus spectabilis","iDigBio","Open flowers",1959,124,148,136,24,"1959 _ NA"
NA,"Rubus spectabilis","iDigBio","Open flowers",1960,86,86,86,0,"1960 _ NA"
NA,"Rubus spectabilis","iDigBio","Open flowers",1961,135,135,135,0,"1961 _ NA"
NA,"Rubus spectabilis","iDigBio","Open flowers",1962,49,111,80,62,"1962 _ NA"
NA,"Rubus spectabilis","iDigBio","Open flowers",1963,61,146,103.5,85,"1963 _ NA"
NA,"Rubus spectabilis","iDigBio","Open flowers",1964,96,169,132.5,73,"1964 _ NA"
NA,"Rubus spectabilis","iDigBio","Open flowers",1965,74,132,103,58,"1965 _ NA"
NA,"Rubus spectabilis","iDigBio","Open flowers",1966,95,128,111.5,33,"1966 _ NA"
NA,"Rubus spectabilis","iDigBio","Open flowers",1967,99,128,113.5,29,"1967 _ NA"
NA,"Rubus spectabilis","iDigBio","Open flowers",1968,63,214,138.5,151,"1968 _ NA"
NA,"Rubus spectabilis","iDigBio","Open flowers",1969,165,165,165,0,"1969 _ NA"
NA,"Rubus spectabilis","iDigBio","Open flowers",1970,52,95,73.5,43,"1970 _ NA"
NA,"Rubus spectabilis","iDigBio","Open flowers",1971,96,151,123.5,55,"1971 _ NA"
NA,"Rubus spectabilis","iDigBio","Open flowers",1972,89,155,122,66,"1972 _ NA"
NA,"Rubus spectabilis","iDigBio","Open flowers",1973,87,342,214.5,255,"1973 _ NA"
NA,"Rubus spectabilis","iDigBio","Open flowers",1974,77,236,156.5,159,"1974 _ NA"
NA,"Rubus spectabilis","iDigBio","Open flowers",1975,100,189,144.5,89,"1975 _ NA"
NA,"Rubus spectabilis","iDigBio","Open flowers",1976,82,152,117,70,"1976 _ NA"
NA,"Rubus spectabilis","iDigBio","Open flowers",1977,96,173,134.5,77,"1977 _ NA"
NA,"Rubus spectabilis","iDigBio","Open flowers",1978,84,125,104.5,41,"1978 _ NA"
NA,"Rubus spectabilis","iDigBio","Open flowers",1979,66,120,93,54,"1979 _ NA"
NA,"Rubus spectabilis","iDigBio","Open flowers",1980,120,120,120,0,"1980 _ NA"
NA,"Rubus spectabilis","iDigBio","Open flowers",1981,100,123,111.5,23,"1981 _ NA"
NA,"Rubus spectabilis","iDigBio","Open flowers",1982,96,192,144,96,"1982 _ NA"
NA,"Rubus spectabilis","iDigBio","Open flowers",1983,90,90,90,0,"1983 _ NA"
NA,"Rubus spectabilis","iDigBio","Open flowers",1985,74,138,106,64,"1985 _ NA"
NA,"Rubus spectabilis","iDigBio","Open flowers",1986,131,131,131,0,"1986 _ NA"
NA,"Rubus spectabilis","iDigBio","Open flowers",1987,83,124,103.5,41,"1987 _ NA"
NA,"Rubus spectabilis","iDigBio","Open flowers",1988,108,108,108,0,"1988 _ NA"
NA,"Rubus spectabilis","iDigBio","Open flowers",1990,85,85,85,0,"1990 _ NA"
NA,"Rubus spectabilis","iDigBio","Open flowers",1991,182,182,182,0,"1991 _ NA"
NA,"Rubus spectabilis","iDigBio","Open flowers",1993,81,97,89,16,"1993 _ NA"
NA,"Rubus spectabilis","iDigBio","Open flowers",1995,83,154,118.5,71,"1995 _ NA"
NA,"Rubus spectabilis","iDigBio","Open flowers",1996,85,110,97.5,25,"1996 _ NA"
NA,"Rubus spectabilis","iDigBio","Open flowers",1997,82,108,95,26,"1997 _ NA"
NA,"Rubus spectabilis","iDigBio","Open flowers",1998,85,117,101,32,"1998 _ NA"
NA,"Rubus spectabilis","iDigBio","Open flowers",1999,135,141,138,6,"1999 _ NA"
NA,"Rubus spectabilis","iDigBio","Open flowers",2000,88,90,89,2,"2000 _ NA"
NA,"Rubus spectabilis","iDigBio","Open flowers",2001,108,196,152,88,"2001 _ NA"
NA,"Rubus spectabilis","iDigBio","Open flowers",2002,140,140,140,0,"2002 _ NA"
NA,"Rubus spectabilis","iDigBio","Open flowers",2003,96,153,124.5,57,"2003 _ NA"
NA,"Rubus spectabilis","iDigBio","Open flowers",2004,78,128,103,50,"2004 _ NA"
NA,"Rubus spectabilis","iDigBio","Open flowers",2005,76,119,97.5,43,"2005 _ NA"
NA,"Rubus spectabilis","iDigBio","Open flowers",2006,86,151,118.5,65,"2006 _ NA"
NA,"Rubus spectabilis","iDigBio","Open flowers",2007,127,127,127,0,"2007 _ NA"
NA,"Rubus spectabilis","iDigBio","Open flowers",2008,82,196,139,114,"2008 _ NA"
NA,"Rubus spectabilis","iDigBio","Open flowers",2009,97,135,116,38,"2009 _ NA"
NA,"Rubus spectabilis","iDigBio","Open flowers",2010,112,112,112,0,"2010 _ NA"
NA,"Rubus spectabilis","iDigBio","Open flowers",2011,122,125,123.5,3,"2011 _ NA"
NA,"Rubus spectabilis","iDigBio","Open flowers",2012,125,125,125,0,"2012 _ NA"
NA,"Rubus spectabilis","iDigBio","Open flowers",2013,105,168,136.5,63,"2013 _ NA"
NA,"Rubus spectabilis","iDigBio","Open flowers",2014,80,207,143.5,127,"2014 _ NA"
NA,"Rubus spectabilis","iDigBio","Open flowers",2016,100,119,109.5,19,"2016 _ NA"
NA,"Rubus spectabilis","iDigBio","Open flowers",2017,136,152,144,16,"2017 _ NA"
NA,"Rubus spectabilis","iDigBio","Open flowers",2018,106,144,125,38,"2018 _ NA"
NA,"Rubus spectabilis","iDigBio","Open flowers",2019,129,129,129,0,"2019 _ NA"
NA,"Rubus spectabilis","iDigBio","Open flowers",2020,176,176,176,0,"2020 _ NA"
NA,"Rubus spectabilis","iDigBio","Open flowers",2022,137,167,152,30,"2022 _ NA"
NA,"Rubus spectabilis","iDigBio","Open flowers",2023,120,120,120,0,"2023 _ NA"
